
> test
> node --test tests/*.test.*

TAP version 13
# (node:30627) [MODULE_TYPELESS_PACKAGE_JSON] Warning: Module type of file:///Users/nguyenthanhhan/Documents/CODE/Die%CC%82%CC%83n%20Cha%CC%82u%20A%CC%80%20%C4%90a%CC%82y%20Ro%CC%82%CC%80i/DHL-Group-v3/src/utils/auditLogPresentation.js is not specified and it doesn't parse as CommonJS.
# Reparsing as ES module because module syntax was detected. This incurs a performance overhead.
# To eliminate this warning, add "type": "module" to /Users/nguyenthanhhan/Documents/CODE/Diễn Châu À Đây Rồi/DHL-Group-v3/package.json.
# (Use `node --trace-warnings ...` to show where the warning was created)
# Subtest: technical action and module codes are translated without leaking internal vocabulary
ok 1 - technical action and module codes are translated without leaking internal vocabulary
  ---
  duration_ms: 0.955
  type: 'test'
  ...
# Subtest: manual renewal summary uses Kiosk, period, package and currency in business format
ok 2 - manual renewal summary uses Kiosk, period, package and currency in business format
  ---
  duration_ms: 13.215333
  type: 'test'
  ...
# Subtest: PayOS and automatic actors have explicit business source labels
ok 3 - PayOS and automatic actors have explicit business source labels
  ---
  duration_ms: 0.87175
  type: 'test'
  ...
# Subtest: missing entity name falls back to stored payment data without fabrication
ok 4 - missing entity name falls back to stored payment data without fabrication
  ---
  duration_ms: 0.89575
  type: 'test'
  ...
# Subtest: resolved Kiosk and promotion names replace database ids in primary copy
ok 5 - resolved Kiosk and promotion names replace database ids in primary copy
  ---
  duration_ms: 0.932875
  type: 'test'
  ...
# Subtest: business type and category ids resolve on both sides of a change
ok 6 - business type and category ids resolve on both sides of a change
  ---
  duration_ms: 0.894625
  type: 'test'
  ...
# Subtest: user permissions, wallet and backward-compatible unknown logs stay readable
ok 7 - user permissions, wallet and backward-compatible unknown logs stay readable
  ---
  duration_ms: 1.513792
  type: 'test'
  ...
# Subtest: unresolved foreign keys are clearly marked as ids and raw payload stays technical
ok 8 - unresolved foreign keys are clearly marked as ids and raw payload stays technical
  ---
  duration_ms: 0.13025
  type: 'test'
  ...
# (node:30628) [MODULE_TYPELESS_PACKAGE_JSON] Warning: Module type of file:///Users/nguyenthanhhan/Documents/CODE/Die%CC%82%CC%83n%20Cha%CC%82u%20A%CC%80%20%C4%90a%CC%82y%20Ro%CC%82%CC%80i/DHL-Group-v3/src/services/KioskService.js is not specified and it doesn't parse as CommonJS.
# Reparsing as ES module because module syntax was detected. This incurs a performance overhead.
# To eliminate this warning, add "type": "module" to /Users/nguyenthanhhan/Documents/CODE/Diễn Châu À Đây Rồi/DHL-Group-v3/package.json.
# (Use `node --trace-warnings ...` to show where the warning was created)
# Subtest: Admin Kiosk form exposes Category and Business Type as separate persisted controls
ok 9 - Admin Kiosk form exposes Category and Business Type as separate persisted controls
  ---
  duration_ms: 2.538458
  type: 'test'
  ...
# Subtest: Admin Kiosk editable payload persists all approved fields and rejects payment or renewal fields
ok 10 - Admin Kiosk editable payload persists all approved fields and rejects payment or renewal fields
  ---
  duration_ms: 0.633667
  type: 'test'
  ...
# Subtest: Admin date edit remains a direct audited Kiosk update without payment or renewal mutation
ok 11 - Admin date edit remains a direct audited Kiosk update without payment or renewal mutation
  ---
  duration_ms: 0.833125
  type: 'test'
  ...
# Subtest: Kiosk detail exposes one labelled action menu and keeps the existing handlers
ok 12 - Kiosk detail exposes one labelled action menu and keeps the existing handlers
  ---
  duration_ms: 0.465458
  type: 'test'
  ...
# Subtest: Kiosk suspension is destructive, lives in overflow and requires modal confirmation
ok 13 - Kiosk suspension is destructive, lives in overflow and requires modal confirmation
  ---
  duration_ms: 0.186458
  type: 'test'
  ...
# Subtest: Revenue summary includes expense-backed operational KPIs without changing its revenue source
ok 14 - Revenue summary includes expense-backed operational KPIs without changing its revenue source
  ---
  duration_ms: 0.824416
  type: 'test'
  ...
# Subtest: Admin UX remains usable on narrow screens and money values do not wrap
ok 15 - Admin UX remains usable on narrow screens and money values do not wrap
  ---
  duration_ms: 0.594667
  type: 'test'
  ...
# (node:30630) [MODULE_TYPELESS_PACKAGE_JSON] Warning: Module type of file:///Users/nguyenthanhhan/Documents/CODE/Die%CC%82%CC%83n%20Cha%CC%82u%20A%CC%80%20%C4%90a%CC%82y%20Ro%CC%82%CC%80i/DHL-Group-v3/src/services/AuditLogService.js is not specified and it doesn't parse as CommonJS.
# Reparsing as ES module because module syntax was detected. This incurs a performance overhead.
# To eliminate this warning, add "type": "module" to /Users/nguyenthanhhan/Documents/CODE/Diễn Châu À Đây Rồi/DHL-Group-v3/package.json.
# (Use `node --trace-warnings ...` to show where the warning was created)
# Subtest: batch enrichment resolves payment, Kiosk, user and both sides of reference changes
ok 16 - batch enrichment resolves payment, Kiosk, user and both sides of reference changes
  ---
  duration_ms: 1.981333
  type: 'test'
  ...
# Subtest: lookup failures and deleted records preserve the original log with an explicit missing fallback
ok 17 - lookup failures and deleted records preserve the original log with an explicit missing fallback
  ---
  duration_ms: 0.48625
  type: 'test'
  ...
# Subtest: OFF mode whitelist exactly matches the formatter business event catalog
ok 18 - OFF mode whitelist exactly matches the formatter business event catalog
  ---
  duration_ms: 2.583792
  type: 'test'
  ...
# Subtest: canonical category filters include historical module and entity aliases
ok 19 - canonical category filters include historical module and entity aliases
  ---
  duration_ms: 0.289834
  type: 'test'
  ...
# Subtest: RPC remains authorized, immutable-data compatible and pagination-safe
ok 20 - RPC remains authorized, immutable-data compatible and pagination-safe
  ---
  duration_ms: 0.2805
  type: 'test'
  ...
# Subtest: normalized category is returned while internal normalization fields are removed
ok 21 - normalized category is returned while internal normalization fields are removed
  ---
  duration_ms: 0.073041
  type: 'test'
  ...
# Subtest: admin username login normalizes lowercase and never exposes internal email
ok 22 - admin username login normalizes lowercase and never exposes internal email
  ---
  duration_ms: 15.499916
  type: 'test'
  ...
# Subtest: wrong username and wrong password return the same generic response
ok 23 - wrong username and wrong password return the same generic response
  ---
  duration_ms: 0.447666
  type: 'test'
  ...
# Subtest: locked account is denied after valid password with a generic response
ok 24 - locked account is denied after valid password with a generic response
  ---
  duration_ms: 0.891708
  type: 'test'
  ...
# Subtest: active permissionless account can login to the personal area
ok 25 - active permissionless account can login to the personal area
  ---
  duration_ms: 0.447458
  type: 'test'
  ...
# Subtest: public account registration creates a normal web user without CRM permissions
ok 26 - public account registration creates a normal web user without CRM permissions
  ---
  duration_ms: 0.333542
  type: 'test'
  ...
# Subtest: legacy email resolver is disabled and cannot disclose an auth email
ok 27 - legacy email resolver is disabled and cannot disclose an auth email
  ---
  duration_ms: 0.131083
  type: 'test'
  ...
# (node:30633) [MODULE_TYPELESS_PACKAGE_JSON] Warning: Module type of file:///Users/nguyenthanhhan/Documents/CODE/Die%CC%82%CC%83n%20Cha%CC%82u%20A%CC%80%20%C4%90a%CC%82y%20Ro%CC%82%CC%80i/DHL-Group-v3/src/utils/kioskStatus.js is not specified and it doesn't parse as CommonJS.
# Reparsing as ES module because module syntax was detected. This incurs a performance overhead.
# To eliminate this warning, add "type": "module" to /Users/nguyenthanhhan/Documents/CODE/Diễn Châu À Đây Rồi/DHL-Group-v3/package.json.
# (Use `node --trace-warnings ...` to show where the warning was created)
# Subtest: inclusive warning boundary holds for warning_days=5
ok 28 - inclusive warning boundary holds for warning_days=5
  ---
  duration_ms: 1.761416
  type: 'test'
  ...
# Subtest: inclusive warning boundary holds for warning_days=10
ok 29 - inclusive warning boundary holds for warning_days=10
  ---
  duration_ms: 1.396
  type: 'test'
  ...
# Subtest: inclusive warning boundary holds for warning_days=20
ok 30 - inclusive warning boundary holds for warning_days=20
  ---
  duration_ms: 0.155667
  type: 'test'
  ...
# Subtest: inclusive warning boundary holds for warning_days=30
ok 31 - inclusive warning boundary holds for warning_days=30
  ---
  duration_ms: 0.055333
  type: 'test'
  ...
# Subtest: warning range crosses month and year boundaries as calendar dates
ok 32 - warning range crosses month and year boundaries as calendar dates
  ---
  duration_ms: 0.111958
  type: 'test'
  ...
# Subtest: RPC uses settings warning_days and one Vietnam report date
ok 33 - RPC uses settings warning_days and one Vietnam report date
  ---
  duration_ms: 3.629542
  type: 'test'
  ...
# Subtest: kiosk card count, rows, filters, and pagination use one filtered CTE
ok 34 - kiosk card count, rows, filters, and pagination use one filtered CTE
  ---
  duration_ms: 1.135667
  type: 'test'
  ...
# Subtest: stored active and warning states share the same inclusive derived rule
ok 35 - stored active and warning states share the same inclusive derived rule
  ---
  duration_ms: 2.637083
  type: 'test'
  ...
# Subtest: ReportService never applies a frontend expiring override
ok 36 - ReportService never applies a frontend expiring override
  ---
  duration_ms: 0.952875
  type: 'test'
  ...
# Subtest: report RPC retains permissions and pagination validation
ok 37 - report RPC retains permissions and pagination validation
  ---
  duration_ms: 1.744375
  type: 'test'
  ...
# Subtest: Hồ sơ Kiosk copy keeps payment, review and Kiosk states distinct
ok 38 - Hồ sơ Kiosk copy keeps payment, review and Kiosk states distinct
  ---
  duration_ms: 1.130791
  type: 'test'
  ...
# Subtest: global toast and reusable busy button expose accessible compact states
ok 39 - global toast and reusable busy button expose accessible compact states
  ---
  duration_ms: 0.652459
  type: 'test'
  ...
# Subtest: notification badge counts unread lifecycle-deduped items and supports mark all read
ok 40 - notification badge counts unread lifecycle-deduped items and supports mark all read
  ---
  duration_ms: 0.189791
  type: 'test'
  ...
# Subtest: business logs name Admin cancellation while raw identifiers stay in technical details
ok 41 - business logs name Admin cancellation while raw identifiers stay in technical details
  ---
  duration_ms: 0.118125
  type: 'test'
  ...
# Subtest: cancelled public provisional Kiosks become inactive without touching completed Kiosks
ok 42 - cancelled public provisional Kiosks become inactive without touching completed Kiosks
  ---
  duration_ms: 0.3915
  type: 'test'
  ...
# (node:30635) [MODULE_TYPELESS_PACKAGE_JSON] Warning: Module type of file:///Users/nguyenthanhhan/Documents/CODE/Die%CC%82%CC%83n%20Cha%CC%82u%20A%CC%80%20%C4%90a%CC%82y%20Ro%CC%82%CC%80i/DHL-Group-v3/src/utils/currency.js is not specified and it doesn't parse as CommonJS.
# Reparsing as ES module because module syntax was detected. This incurs a performance overhead.
# To eliminate this warning, add "type": "module" to /Users/nguyenthanhhan/Documents/CODE/Diễn Châu À Đây Rồi/DHL-Group-v3/package.json.
# (Use `node --trace-warnings ...` to show where the warning was created)
# Subtest: VND formatter and parser keep raw integer values
ok 43 - VND formatter and parser keep raw integer values
  ---
  duration_ms: 18.70875
  type: 'test'
  ...
# Subtest: currency input stays empty and never keeps a leading zero
ok 44 - currency input stays empty and never keeps a leading zero
  ---
  duration_ms: 0.92225
  type: 'test'
  ...
# (node:30636) [MODULE_TYPELESS_PACKAGE_JSON] Warning: Module type of file:///Users/nguyenthanhhan/Documents/CODE/Die%CC%82%CC%83n%20Cha%CC%82u%20A%CC%80%20%C4%90a%CC%82y%20Ro%CC%82%CC%80i/DHL-Group-v3/src/services/DashboardService.js is not specified and it doesn't parse as CommonJS.
# Reparsing as ES module because module syntax was detected. This incurs a performance overhead.
# To eliminate this warning, add "type": "module" to /Users/nguyenthanhhan/Documents/CODE/Diễn Châu À Đây Rồi/DHL-Group-v3/package.json.
# (Use `node --trace-warnings ...` to show where the warning was created)
# Subtest: dashboard normalizes single and multi-Kiosk registrations without replacing item amounts
ok 45 - dashboard normalizes single and multi-Kiosk registrations without replacing item amounts
  ---
  duration_ms: 1.219667
  type: 'test'
  ...
# Subtest: dashboard migration uses batch-item amount with registration-request fallback and newest-first order
ok 46 - dashboard migration uses batch-item amount with registration-request fallback and newest-first order
  ---
  duration_ms: 3.964917
  type: 'test'
  ...
# Subtest: recent activity UI is limited to completed business events
ok 47 - recent activity UI is limited to completed business events
  ---
  duration_ms: 1.681542
  type: 'test'
  ...
# (node:30637) [MODULE_TYPELESS_PACKAGE_JSON] Warning: Module type of file:///Users/nguyenthanhhan/Documents/CODE/Die%CC%82%CC%83n%20Cha%CC%82u%20A%CC%80%20%C4%90a%CC%82y%20Ro%CC%82%CC%80i/DHL-Group-v3/src/pages/DashboardPage.js is not specified and it doesn't parse as CommonJS.
# Reparsing as ES module because module syntax was detected. This incurs a performance overhead.
# To eliminate this warning, add "type": "module" to /Users/nguyenthanhhan/Documents/CODE/Diễn Châu À Đây Rồi/DHL-Group-v3/package.json.
# (Use `node --trace-warnings ...` to show where the warning was created)
# Subtest: recent activity maps only explicit business event types to semantic badges
ok 48 - recent activity maps only explicit business event types to semantic badges
  ---
  duration_ms: 0.726625
  type: 'test'
  ...
# Subtest: recent activity always renders exactly one badge from the normalized presentation
ok 49 - recent activity always renders exactly one badge from the normalized presentation
  ---
  duration_ms: 5.116625
  type: 'test'
  ...
# Subtest: shared business events preserve registration, renewal and legacy types
ok 50 - shared business events preserve registration, renewal and legacy types
  ---
  duration_ms: 8.3285
  type: 'test'
  ...
# Subtest: dashboard excludes business-log-only activity without reclassifying it
ok 51 - dashboard excludes business-log-only activity without reclassifying it
  ---
  duration_ms: 0.07025
  type: 'test'
  ...
# Subtest: dashboard deduplicates shared transactions, sorts by business date and limits the report to five
ok 52 - dashboard deduplicates shared transactions, sorts by business date and limits the report to five
  ---
  duration_ms: 0.193625
  type: 'test'
  ...
# Subtest: recent activity reads the shared permission-checked business event model only
ok 53 - recent activity reads the shared permission-checked business event model only
  ---
  duration_ms: 0.667583
  type: 'test'
  ...
# Subtest: category chart centers one bounded stage and stacks legend below on compact screens
ok 54 - category chart centers one bounded stage and stacks legend below on compact screens
  ---
  duration_ms: 1.113416
  type: 'test'
  ...
# Subtest: expiring kiosk row is a native accessible deep-link using the existing kiosk id route
ok 55 - expiring kiosk row is a native accessible deep-link using the existing kiosk id route
  ---
  duration_ms: 3.170167
  type: 'test'
  ...
# Subtest: expiring kiosk link has pointer, hover, and keyboard focus states
ok 56 - expiring kiosk link has pointer, hover, and keyboard focus states
  ---
  duration_ms: 2.249334
  type: 'test'
  ...
# Subtest: Phase UI-1 — Global Theme & Design System Foundation
    # Subtest: defines the required semantic tokens in dark and light themes
    ok 1 - defines the required semantic tokens in dark and light themes
      ---
      duration_ms: 4.49275
      type: 'test'
      ...
    # Subtest: maintains strict token parity between Dark and Light theme blocks
    ok 2 - maintains strict token parity between Dark and Light theme blocks
      ---
      duration_ms: 4.874291
      type: 'test'
      ...
    # Subtest: keeps exactly one html[data-theme="light"] token block and avoids stacked override passes
    ok 3 - keeps exactly one html[data-theme="light"] token block and avoids stacked override passes
      ---
      duration_ms: 3.094542
      type: 'test'
      ...
    # Subtest: provides complete button variants consuming semantic tokens
    ok 4 - provides complete button variants consuming semantic tokens
      ---
      duration_ms: 4.124541
      type: 'test'
      ...
    # Subtest: provides complete status badge and chip variants with WCAG tokens
    ok 5 - provides complete status badge and chip variants with WCAG tokens
      ---
      duration_ms: 3.704667
      type: 'test'
      ...
    # Subtest: provides table hover and selected states consuming semantic tokens
    ok 6 - provides table hover and selected states consuming semantic tokens
      ---
      duration_ms: 2.099125
      type: 'test'
      ...
    # Subtest: provides main content icon foundation with semantic families
    ok 7 - provides main content icon foundation with semantic families
      ---
      duration_ms: 1.490625
      type: 'test'
      ...
    # Subtest: maintains low !important usage in stylesheet
    ok 8 - maintains low !important usage in stylesheet
      ---
      duration_ms: 1.337792
      type: 'test'
      ...
    # Subtest: dispatches dhl:themechange on PublicLayout theme toggle
    ok 9 - dispatches dhl:themechange on PublicLayout theme toggle
      ---
      duration_ms: 3.1295
      type: 'test'
      ...
    1..9
ok 57 - Phase UI-1 — Global Theme & Design System Foundation
  ---
  duration_ms: 29.939875
  type: 'suite'
  ...
# Subtest: category chart canvas height is at least 210px (larger than Phase 3 180px)
ok 58 - category chart canvas height is at least 210px (larger than Phase 3 180px)
  ---
  duration_ms: 4.359583
  type: 'test'
  ...
# Subtest: category donut radius cap is at least 80px (larger than Phase 3 70px)
ok 59 - category donut radius cap is at least 80px (larger than Phase 3 70px)
  ---
  duration_ms: 0.626333
  type: 'test'
  ...
# Subtest: category donut inner radius ratio is between 0.50 and 0.60
ok 60 - category donut inner radius ratio is between 0.50 and 0.60
  ---
  duration_ms: 1.219917
  type: 'test'
  ...
# Subtest: category legend is vertically centered relative to canvas height, not fixed at y=10
ok 61 - category legend is vertically centered relative to canvas height, not fixed at y=10
  ---
  duration_ms: 3.563875
  type: 'test'
  ...
# Subtest: chart-container.small uses flex alignment for vertical centering
ok 62 - chart-container.small uses flex alignment for vertical centering
  ---
  duration_ms: 3.523667
  type: 'test'
  ...
# Subtest: chart-container.small min-height matches canvas height
ok 63 - chart-container.small min-height matches canvas height
  ---
  duration_ms: 3.675
  type: 'test'
  ...
# Subtest: canvas theme tokens are all present and no hardcoded colors in fill/stroke assignments
ok 64 - canvas theme tokens are all present and no hardcoded colors in fill/stroke assignments
  ---
  duration_ms: 1.22525
  type: 'test'
  ...
# Subtest: dashboard category card HTML still uses chart-container small class
ok 65 - dashboard category card HTML still uses chart-container small class
  ---
  duration_ms: 1.046
  type: 'test'
  ...
# Subtest: expense route and menu use the unified permission model
ok 66 - expense route and menu use the unified permission model
  ---
  duration_ms: 0.9095
  type: 'test'
  ...
# Subtest: expense UI provides CRUD, requested filters, salary fields and duplicate warning
ok 67 - expense UI provides CRUD, requested filters, salary fields and duplicate warning
  ---
  duration_ms: 0.447834
  type: 'test'
  ...
# Subtest: expense mutations are transactional business events without generic update spam
ok 68 - expense mutations are transactional business events without generic update spam
  ---
  duration_ms: 0.497709
  type: 'test'
  ...
# Subtest: Reports applies the same date filters and computes estimated profit from unchanged revenue
ok 69 - Reports applies the same date filters and computes estimated profit from unchanged revenue
  ---
  duration_ms: 0.6425
  type: 'test'
  ...
# Subtest: create, edit and archive expense produce one business log each
ok 70 - create, edit and archive expense produce one business log each
  ---
  duration_ms: 2541.191958
  type: 'test'
  ...
# Subtest: amount at or below zero is rejected by RPC and table constraint
ok 71 - amount at or below zero is rejected by RPC and table constraint
  ---
  duration_ms: 9.685375
  type: 'test'
  ...
# Subtest: salary requires employee and month while duplicate salary remains a warning
ok 72 - salary requires employee and month while duplicate salary remains a warning
  ---
  duration_ms: 11.514667
  type: 'test'
  ...
# Subtest: RLS and RPC enforce expense permission while System Admin retains access
ok 73 - RLS and RPC enforce expense permission while System Admin retains access
  ---
  duration_ms: 10.072125
  type: 'test'
  ...
# Subtest: expense report uses the inclusive date filter without mutating payments
ok 74 - expense report uses the inclusive date filter without mutating payments
  ---
  duration_ms: 12.720708
  type: 'test'
  ...
# (node:30642) [MODULE_TYPELESS_PACKAGE_JSON] Warning: Module type of file:///Users/nguyenthanhhan/Documents/CODE/Die%CC%82%CC%83n%20Cha%CC%82u%20A%CC%80%20%C4%90a%CC%82y%20Ro%CC%82%CC%80i/DHL-Group-v3/src/config/organization.js is not specified and it doesn't parse as CommonJS.
# Reparsing as ES module because module syntax was detected. This incurs a performance overhead.
# To eliminate this warning, add "type": "module" to /Users/nguyenthanhhan/Documents/CODE/Diễn Châu À Đây Rồi/DHL-Group-v3/package.json.
# (Use `node --trace-warnings ...` to show where the warning was created)
# Subtest: public settings reload preserves warning_days in the shared cache
ok 75 - public settings reload preserves warning_days in the shared cache
  ---
  duration_ms: 0.501917
  type: 'test'
  ...
# Subtest: forward migration exposes warning_days and preserves public RPC grants
ok 76 - forward migration exposes warning_days and preserves public RPC grants
  ---
  duration_ms: 4.355916
  type: 'test'
  ...
# (node:30643) [MODULE_TYPELESS_PACKAGE_JSON] Warning: Module type of file:///Users/nguyenthanhhan/Documents/CODE/Die%CC%82%CC%83n%20Cha%CC%82u%20A%CC%80%20%C4%90a%CC%82y%20Ro%CC%82%CC%80i/DHL-Group-v3/src/components/FacebookIdResolver.js is not specified and it doesn't parse as CommonJS.
# Reparsing as ES module because module syntax was detected. This incurs a performance overhead.
# To eliminate this warning, add "type": "module" to /Users/nguyenthanhhan/Documents/CODE/Diễn Châu À Đây Rồi/DHL-Group-v3/package.json.
# (Use `node --trace-warnings ...` to show where the warning was created)
# Subtest: manual fallback never hides manual copy and keeps ID readonly after resolve
ok 77 - manual fallback never hides manual copy and keeps ID readonly after resolve
  ---
  duration_ms: 1.132375
  type: 'test'
  ...
# Subtest: double-click sends one request and does not submit the form
ok 78 - double-click sends one request and does not submit the form
  ---
  duration_ms: 0.156292
  type: 'test'
  ...
# Subtest: failed request exposes retry state and keeps manual ID editable
ok 79 - failed request exposes retry state and keeps manual ID editable
  ---
  duration_ms: 0.170167
  type: 'test'
  ...
# Subtest: URL changed during a request is resolved after debounce and stale data cannot overwrite it
ok 80 - URL changed during a request is resolved after debounce and stale data cannot overwrite it
  ---
  duration_ms: 703.840417
  type: 'test'
  ...
# Subtest: rejects non-POST requests
ok 81 - rejects non-POST requests
  ---
  duration_ms: 0.560042
  type: 'test'
  ...
# Subtest: rejects invalid URL and non-Facebook domain
ok 82 - rejects invalid URL and non-Facebook domain
  ---
  duration_ms: 0.25075
  type: 'test'
  ...
# Subtest: rejects malformed JSON
ok 83 - rejects malformed JSON
  ---
  duration_ms: 1.249209
  type: 'test'
  ...
# Subtest: returns Facebook ID for a valid URL using form-urlencoded upstream body
ok 84 - returns Facebook ID for a valid URL using form-urlencoded upstream body
  ---
  duration_ms: 1.878292
  type: 'test'
  ...
# Subtest: handles an unresolved Facebook ID
ok 85 - handles an unresolved Facebook ID
  ---
  duration_ms: 0.870625
  type: 'test'
  ...
# Subtest: handles upstream HTTP and invalid JSON errors
ok 86 - handles upstream HTTP and invalid JSON errors
  ---
  duration_ms: 0.601583
  type: 'test'
  ...
# Subtest: handles timeout without retrying
ok 87 - handles timeout without retrying
  ---
  duration_ms: 4.177459
  type: 'test'
  ...
# (node:30645) [MODULE_TYPELESS_PACKAGE_JSON] Warning: Module type of file:///Users/nguyenthanhhan/Documents/CODE/Die%CC%82%CC%83n%20Cha%CC%82u%20A%CC%80%20%C4%90a%CC%82y%20Ro%CC%82%CC%80i/DHL-Group-v3/src/pages/PromotionsPage.js is not specified and it doesn't parse as CommonJS.
# Reparsing as ES module because module syntax was detected. This incurs a performance overhead.
# To eliminate this warning, add "type": "module" to /Users/nguyenthanhhan/Documents/CODE/Diễn Châu À Đây Rồi/DHL-Group-v3/package.json.
# (Use `node --trace-warnings ...` to show where the warning was created)
# Subtest: cancellation uses only known record identity and never turns a reason/audit ID into a profile ID
ok 88 - cancellation uses only known record identity and never turns a reason/audit ID into a profile ID
  ---
  duration_ms: 1.582125
  type: 'test'
  ...
# Subtest: payment correction preserves its known ID and labels its reason exactly once
ok 89 - payment correction preserves its known ID and labels its reason exactly once
  ---
  duration_ms: 0.136417
  type: 'test'
  ...
# Subtest: expense, website and Kiosk status sentences are grounded in audit snapshots
ok 90 - expense, website and Kiosk status sentences are grounded in audit snapshots
  ---
  duration_ms: 2.176917
  type: 'test'
  ...
# Subtest: success entries stay intact and technical/raw fallback values never become business content
ok 91 - success entries stay intact and technical/raw fallback values never become business content
  ---
  duration_ms: 0.265
  type: 'test'
  ...
# Subtest: promotion search combines current statuses with code, title and description; keeps lifecycle boundaries
ok 92 - promotion search combines current statuses with code, title and description; keeps lifecycle boundaries
  ---
  duration_ms: 0.5565
  type: 'test'
  ...
# Subtest: footer resolves canonical URLs before choosing brand icons and removes duplicate destinations
ok 93 - footer resolves canonical URLs before choosing brand icons and removes duplicate destinations
  ---
  duration_ms: 0.441583
  type: 'test'
  ...
# Subtest: rendered filter markup uses one shared row, visible labels and collapsed advanced controls
ok 94 - rendered filter markup uses one shared row, visible labels and collapsed advanced controls
  ---
  duration_ms: 1.051208
  type: 'test'
  ...
# Subtest: overview presents business KPIs while the notification RPC keeps request states separate
ok 95 - overview presents business KPIs while the notification RPC keeps request states separate
  ---
  duration_ms: 0.454666
  type: 'test'
  ...
# Subtest: Recent Activity consumes shared business events instead of inferring payment lifecycle again
ok 96 - Recent Activity consumes shared business events instead of inferring payment lifecycle again
  ---
  duration_ms: 0.112833
  type: 'test'
  ...
# Subtest: shared registration, renewal and legacy event types have semantic presentations
ok 97 - shared registration, renewal and legacy event types have semantic presentations
  ---
  duration_ms: 0.078125
  type: 'test'
  ...
# Subtest: notification badge counts only Admin-actionable review and reconciliation states
ok 98 - notification badge counts only Admin-actionable review and reconciliation states
  ---
  duration_ms: 0.057791
  type: 'test'
  ...
# Subtest: business log view uses business events by default and raw audit only in technical mode
ok 99 - business log view uses business events by default and raw audit only in technical mode
  ---
  duration_ms: 3.180375
  type: 'test'
  ...
# Subtest: brand, registration, compact badge, data-backed Home and TTC copy contracts are corrected
ok 100 - brand, registration, compact badge, data-backed Home and TTC copy contracts are corrected
  ---
  duration_ms: 0.305375
  type: 'test'
  ...
# Subtest: Kiosk status is a compact fixed top-right grid item independent of title wrapping
ok 101 - Kiosk status is a compact fixed top-right grid item independent of title wrapping
  ---
  duration_ms: 0.613333
  type: 'test'
  ...
# Subtest: business visibility is applied before count, bounds, offset and limit
ok 102 - business visibility is applied before count, bounds, offset and limit
  ---
  duration_ms: 0.122125
  type: 'test'
  ...
# Subtest: technical mode and every filter are RPC inputs and page changes are clamped safely
ok 103 - technical mode and every filter are RPC inputs and page changes are clamped safely
  ---
  duration_ms: 0.428959
  type: 'test'
  ...
# Subtest: entity enrichment stays batched and technical details remain available
ok 104 - entity enrichment stays batched and technical details remain available
  ---
  duration_ms: 0.0895
  type: 'test'
  ...
# Subtest: desktop hierarchy and mobile activity cards avoid technical IDs in primary markup
ok 105 - desktop hierarchy and mobile activity cards avoid technical IDs in primary markup
  ---
  duration_ms: 0.195167
  type: 'test'
  ...
# Subtest: semantic theme tokens cover readable text, borders, notices, and statuses
ok 106 - semantic theme tokens cover readable text, borders, notices, and statuses
  ---
  duration_ms: 9.372125
  type: 'test'
  ...
# Subtest: theme architecture uses one token definition instead of light-only correction passes
ok 107 - theme architecture uses one token definition instead of light-only correction passes
  ---
  duration_ms: 2.151417
  type: 'test'
  ...
# Subtest: dashboard canvas resolves semantic theme colors and redraws after theme changes
ok 108 - dashboard canvas resolves semantic theme colors and redraws after theme changes
  ---
  duration_ms: 0.778875
  type: 'test'
  ...
# Subtest: detail headings, tabs, and information banners use semantic colors
ok 109 - detail headings, tabs, and information banners use semantic colors
  ---
  duration_ms: 2.308084
  type: 'test'
  ...
# Subtest: login is a username/password portal with restored self-registration
ok 110 - login is a username/password portal with restored self-registration
  ---
  duration_ms: 0.969292
  type: 'test'
  ...
# Subtest: mobile login places the auth form before the compact intro panel
ok 111 - mobile login places the auth form before the compact intro panel
  ---
  duration_ms: 1.285625
  type: 'test'
  ...
# Subtest: public renewal uses the canonical secret and application URL settings
ok 112 - public renewal uses the canonical secret and application URL settings
  ---
  duration_ms: 0.601458
  type: 'test'
  ...
# Subtest: lookup always renders renewal entry point and blocks unavailable flows before PayOS
ok 113 - lookup always renders renewal entry point and blocks unavailable flows before PayOS
  ---
  duration_ms: 0.656042
  type: 'test'
  ...
# Subtest: only dhlThemePreference is used as a theme storage key
ok 114 - only dhlThemePreference is used as a theme storage key
  ---
  duration_ms: 1.501625
  type: 'test'
  ...
# (node:30649) [MODULE_TYPELESS_PACKAGE_JSON] Warning: Module type of file:///Users/nguyenthanhhan/Documents/CODE/Die%CC%82%CC%83n%20Cha%CC%82u%20A%CC%80%20%C4%90a%CC%82y%20Ro%CC%82%CC%80i/DHL-Group-v3/src/utils/formValidation.js is not specified and it doesn't parse as CommonJS.
# Reparsing as ES module because module syntax was detected. This incurs a performance overhead.
# To eliminate this warning, add "type": "module" to /Users/nguyenthanhhan/Documents/CODE/Diễn Châu À Đây Rồi/DHL-Group-v3/package.json.
# (Use `node --trace-warnings ...` to show where the warning was created)
# Subtest: validates Vietnamese-compatible phone input without exposing records
ok 115 - validates Vietnamese-compatible phone input without exposing records
  ---
  duration_ms: 0.370333
  type: 'test'
  ...
# Subtest: requires digit-only Facebook IDs and detects duplicates in one form
ok 116 - requires digit-only Facebook IDs and detects duplicates in one form
  ---
  duration_ms: 0.326083
  type: 'test'
  ...
# Subtest: validates real date-only values and date ranges can compare lexically
ok 117 - validates real date-only values and date ranges can compare lexically
  ---
  duration_ms: 0.286125
  type: 'test'
  ...
# Subtest: production build generates valid browser config from only public Supabase values
ok 118 - production build generates valid browser config from only public Supabase values
  ---
  duration_ms: 46.596667
  type: 'test'
  ...
# Subtest: production build fails clearly when required variables are missing
ok 119 - production build fails clearly when required variables are missing
  ---
  duration_ms: 34.045167
  type: 'test'
  ...
# (node:30650) [MODULE_TYPELESS_PACKAGE_JSON] Warning: Module type of file:///Users/nguyenthanhhan/Documents/CODE/Die%CC%82%CC%83n%20Cha%CC%82u%20A%CC%80%20%C4%90a%CC%82y%20Ro%CC%82%CC%80i/DHL-Group-v3/src/supabase/client.js is not specified and it doesn't parse as CommonJS.
# Reparsing as ES module because module syntax was detected. This incurs a performance overhead.
# To eliminate this warning, add "type": "module" to /Users/nguyenthanhhan/Documents/CODE/Diễn Châu À Đây Rồi/DHL-Group-v3/package.json.
# (Use `node --trace-warnings ...` to show where the warning was created)
# Subtest: Supabase client reads generated config and local config keeps the same contract
ok 120 - Supabase client reads generated config and local config keeps the same contract
  ---
  duration_ms: 5.646209
  type: 'test'
  ...
# Subtest: authenticated chrome leaves the primary page title to PageHeader
ok 121 - authenticated chrome leaves the primary page title to PageHeader
  ---
  duration_ms: 3.130792
  type: 'test'
  ...
# Subtest: admin data status uses operational copy without vendor terminology
ok 122 - admin data status uses operational copy without vendor terminology
  ---
  duration_ms: 2.778375
  type: 'test'
  ...
# Subtest: active non-TTC page copy does not expose implementation wording
ok 123 - active non-TTC page copy does not expose implementation wording
  ---
  duration_ms: 6.144333
  type: 'test'
  ...
# (node:30652) [MODULE_TYPELESS_PACKAGE_JSON] Warning: Module type of file:///Users/nguyenthanhhan/Documents/CODE/Die%CC%82%CC%83n%20Cha%CC%82u%20A%CC%80%20%C4%90a%CC%82y%20Ro%CC%82%CC%80i/DHL-Group-v3/src/components/Pagination.js is not specified and it doesn't parse as CommonJS.
# Reparsing as ES module because module syntax was detected. This incurs a performance overhead.
# To eliminate this warning, add "type": "module" to /Users/nguyenthanhhan/Documents/CODE/Diễn Châu À Đây Rồi/DHL-Group-v3/package.json.
# (Use `node --trace-warnings ...` to show where the warning was created)
# Subtest: pagination uses compact ranges with ellipsis for many pages
ok 124 - pagination uses compact ranges with ellipsis for many pages
  ---
  duration_ms: 0.730375
  type: 'test'
  ...
# Subtest: pagination exposes active, disabled, result and page-size states
ok 125 - pagination exposes active, disabled, result and page-size states
  ---
  duration_ms: 0.186166
  type: 'test'
  ...
# Subtest: all server-paginated CRM routes use the shared component
ok 126 - all server-paginated CRM routes use the shared component
  ---
  duration_ms: 5.303167
  type: 'test'
  ...
# Subtest: shared spacing tokens and mobile pagination are defined
ok 127 - shared spacing tokens and mobile pagination are defined
  ---
  duration_ms: 2.01825
  type: 'test'
  ...
# (node:30653) [MODULE_TYPELESS_PACKAGE_JSON] Warning: Module type of file:///Users/nguyenthanhhan/Documents/CODE/Die%CC%82%CC%83n%20Cha%CC%82u%20A%CC%80%20%C4%90a%CC%82y%20Ro%CC%82%CC%80i/DHL-Group-v3/src/utils/auditLogPresentation.js is not specified and it doesn't parse as CommonJS.
# Reparsing as ES module because module syntax was detected. This incurs a performance overhead.
# To eliminate this warning, add "type": "module" to /Users/nguyenthanhhan/Documents/CODE/Diễn Châu À Đây Rồi/DHL-Group-v3/package.json.
# (Use `node --trace-warnings ...` to show where the warning was created)
# Subtest: case 450k/30-08 to 950k/30-12 is submitted as one in-place RPC correction
ok 128 - case 450k/30-08 to 950k/30-12 is submitted as one in-place RPC correction
  ---
  duration_ms: 4.87925
  type: 'test'
  ...
# Subtest: RPC is System Admin-only and rejects locked/web-disabled users through canonical access
ok 129 - RPC is System Admin-only and rejects locked/web-disabled users through canonical access
  ---
  duration_ms: 0.9415
  type: 'test'
  ...
# Subtest: RPC validates completed status, reason, amount, dates, months, and related records
ok 130 - RPC validates completed status, reason, amount, dates, months, and related records
  ---
  duration_ms: 1.209291
  type: 'test'
  ...
# Subtest: newer completed payment or batch period cannot be shortened by correcting an older payment
ok 131 - newer completed payment or batch period cannot be shortened by correcting an older payment
  ---
  duration_ms: 1.57275
  type: 'test'
  ...
# Subtest: payment totals and audit remain in the same database transaction
ok 132 - payment totals and audit remain in the same database transaction
  ---
  duration_ms: 0.728333
  type: 'test'
  ...
# Subtest: historical workflow guard permits only the four audited fields
ok 133 - historical workflow guard permits only the four audited fields
  ---
  duration_ms: 0.804292
  type: 'test'
  ...
# Subtest: frontend resolves System Admin authoritatively and renders a visible payment action
ok 134 - frontend resolves System Admin authoritatively and renders a visible payment action
  ---
  duration_ms: 2.921959
  type: 'test'
  ...
# Subtest: missing migration is surfaced as a clear form error instead of failing silently
ok 135 - missing migration is surfaced as a clear form error instead of failing silently
  ---
  duration_ms: 0.215125
  type: 'test'
  ...
# Subtest: payment editor keeps the requested field order and remains separate from Kiosk/customer forms
ok 136 - payment editor keeps the requested field order and remains separate from Kiosk/customer forms
  ---
  duration_ms: 1.472208
  type: 'test'
  ...
# Subtest: client validation rejects empty reason and invalid historical values
ok 137 - client validation rejects empty reason and invalid historical values
  ---
  duration_ms: 0.431208
  type: 'test'
  ...
# Subtest: audit presentation is business-readable and remains visible with technical mode off
ok 138 - audit presentation is business-readable and remains visible with technical mode off
  ---
  duration_ms: 14.678959
  type: 'test'
  ...
# Subtest: anonymous public homepage returns seeded safe content without authentication
ok 139 - anonymous public homepage returns seeded safe content without authentication
  ---
  duration_ms: 2375.029666
  type: 'test'
  ...
# Subtest: public businesses honor enabled, visibility window and display order
ok 140 - public businesses honor enabled, visibility window and display order
  ---
  duration_ms: 23.650459
  type: 'test'
  ...
# Subtest: System Admin and permitted editor can CRUD while normal user is denied
ok 141 - System Admin and permitted editor can CRUD while normal user is denied
  ---
  duration_ms: 15.407875
  type: 'test'
  ...
# Subtest: permitted editor can update Hero, rules and contact while public receives only whitelisted fields
ok 142 - permitted editor can update Hero, rules and contact while public receives only whitelisted fields
  ---
  duration_ms: 10.603542
  type: 'test'
  ...
# Subtest: anonymous callers cannot mutate homepage content
ok 143 - anonymous callers cannot mutate homepage content
  ---
  duration_ms: 7.593166
  type: 'test'
  ...
# Subtest: public homepage is an anonymous data-backed route with loading, empty and error states
ok 144 - public homepage is an anonymous data-backed route with loading, empty and error states
  ---
  duration_ms: 1.605375
  type: 'test'
  ...
# Subtest: hero, featured businesses and rules render in the body while official channels render in the shared footer
ok 145 - hero, featured businesses and rules render in the body while official channels render in the shared footer
  ---
  duration_ms: 0.1525
  type: 'test'
  ...
# Subtest: public layout preserves service routes while homepage body stays focused
ok 146 - public layout preserves service routes while homepage body stays focused
  ---
  duration_ms: 0.129583
  type: 'test'
  ...
# Subtest: Admin editor provides content controls and featured-business CRUD
ok 147 - Admin editor provides content controls and featured-business CRUD
  ---
  duration_ms: 0.105708
  type: 'test'
  ...
# Subtest: homepage permission protects route, rows and mutation RPCs
ok 148 - homepage permission protects route, rows and mutation RPCs
  ---
  duration_ms: 0.171
  type: 'test'
  ...
# Subtest: homepage layout has desktop and mobile grids without fixed viewport width
ok 149 - homepage layout has desktop and mobile grids without fixed viewport width
  ---
  duration_ms: 0.535458
  type: 'test'
  ...
# (node:30657) [MODULE_TYPELESS_PACKAGE_JSON] Warning: Module type of file:///Users/nguyenthanhhan/Documents/CODE/Die%CC%82%CC%83n%20Cha%CC%82u%20A%CC%80%20%C4%90a%CC%82y%20Ro%CC%82%CC%80i/DHL-Group-v3/src/utils/icons.js is not specified and it doesn't parse as CommonJS.
# Reparsing as ES module because module syntax was detected. This incurs a performance overhead.
# To eliminate this warning, add "type": "module" to /Users/nguyenthanhhan/Documents/CODE/Diễn Châu À Đây Rồi/DHL-Group-v3/package.json.
# (Use `node --trace-warnings ...` to show where the warning was created)
# Subtest: renderIcon
    # Subtest: exports a function
    ok 1 - exports a function
      ---
      duration_ms: 0.328334
      type: 'test'
      ...
    # Subtest: returns non-empty string for known names
    ok 2 - returns non-empty string for known names
      ---
      duration_ms: 0.129542
      type: 'test'
      ...
    # Subtest: returns empty string for unknown names
    ok 3 - returns empty string for unknown names
      ---
      duration_ms: 0.041625
      type: 'test'
      ...
    # Subtest: every result contains an <svg> element
    ok 4 - every result contains an <svg> element
      ---
      duration_ms: 0.045083
      type: 'test'
      ...
    # Subtest: SVGs have aria-hidden="true"
    ok 5 - SVGs have aria-hidden="true"
      ---
      duration_ms: 0.725167
      type: 'test'
      ...
    # Subtest: SVGs have focusable="false"
    ok 6 - SVGs have focusable="false"
      ---
      duration_ms: 0.148791
      type: 'test'
      ...
    1..6
ok 150 - renderIcon
  ---
  duration_ms: 1.990167
  type: 'suite'
  ...
# Subtest: icons.js color hygiene
    # Subtest: contains no hardcoded fill or stroke color values
    ok 1 - contains no hardcoded fill or stroke color values
      ---
      duration_ms: 0.629042
      type: 'test'
      ...
    1..1
ok 151 - icons.js color hygiene
  ---
  duration_ms: 1.08275
  type: 'suite'
  ...
# Subtest: functional emoji removal
    # Subtest: no functional emoji in src/pages/DashboardPage.js
    ok 1 - no functional emoji in src/pages/DashboardPage.js
      ---
      duration_ms: 0.397458
      type: 'test'
      ...
    # Subtest: no functional emoji in src/pages/PaymentsPage.js
    ok 2 - no functional emoji in src/pages/PaymentsPage.js
      ---
      duration_ms: 0.228167
      type: 'test'
      ...
    # Subtest: no functional emoji in src/pages/ReportsPage.js
    ok 3 - no functional emoji in src/pages/ReportsPage.js
      ---
      duration_ms: 0.255417
      type: 'test'
      ...
    # Subtest: no functional emoji in src/components/RenewKioskForm.js
    ok 4 - no functional emoji in src/components/RenewKioskForm.js
      ---
      duration_ms: 0.124792
      type: 'test'
      ...
    # Subtest: no functional emoji in src/pages/LegacyRegistrationPage.js
    ok 5 - no functional emoji in src/pages/LegacyRegistrationPage.js
      ---
      duration_ms: 0.368708
      type: 'test'
      ...
    # Subtest: no functional emoji in src/layouts/AppLayout.js
    ok 6 - no functional emoji in src/layouts/AppLayout.js
      ---
      duration_ms: 0.233208
      type: 'test'
      ...
    # Subtest: no functional emoji in src/components/PublicLayout.js
    ok 7 - no functional emoji in src/components/PublicLayout.js
      ---
      duration_ms: 0.151833
      type: 'test'
      ...
    1..7
ok 152 - functional emoji removal
  ---
  duration_ms: 2.002375
  type: 'suite'
  ...
# Subtest: shared icon imports
    # Subtest: DashboardPage imports renderIcon from utils/icons
    ok 1 - DashboardPage imports renderIcon from utils/icons
      ---
      duration_ms: 0.391
      type: 'test'
      ...
    # Subtest: PaymentsPage imports renderIcon from utils/icons
    ok 2 - PaymentsPage imports renderIcon from utils/icons
      ---
      duration_ms: 0.247958
      type: 'test'
      ...
    # Subtest: ReportsPage imports renderIcon from utils/icons
    ok 3 - ReportsPage imports renderIcon from utils/icons
      ---
      duration_ms: 0.725375
      type: 'test'
      ...
    # Subtest: RenewKioskForm imports renderIcon from utils/icons
    ok 4 - RenewKioskForm imports renderIcon from utils/icons
      ---
      duration_ms: 0.239542
      type: 'test'
      ...
    # Subtest: LegacyRegistrationPage imports renderIcon from utils/icons
    ok 5 - LegacyRegistrationPage imports renderIcon from utils/icons
      ---
      duration_ms: 0.176583
      type: 'test'
      ...
    # Subtest: AppLayout re-exports renderIcon from utils/icons
    ok 6 - AppLayout re-exports renderIcon from utils/icons
      ---
      duration_ms: 0.138667
      type: 'test'
      ...
    # Subtest: PublicLayout imports renderIcon from utils/icons
    ok 7 - PublicLayout imports renderIcon from utils/icons
      ---
      duration_ms: 0.10775
      type: 'test'
      ...
    # Subtest: UserHomePage imports renderIcon from utils/icons
    ok 8 - UserHomePage imports renderIcon from utils/icons
      ---
      duration_ms: 0.349875
      type: 'test'
      ...
    1..8
ok 153 - shared icon imports
  ---
  duration_ms: 2.6025
  type: 'suite'
  ...
# Subtest: modal close button
    # Subtest: AppLayout modal-close does not use bare ✕ character
    ok 1 - AppLayout modal-close does not use bare ✕ character
      ---
      duration_ms: 0.229416
      type: 'test'
      ...
    # Subtest: PublicLayout modal-close does not use bare ✕ character
    ok 2 - PublicLayout modal-close does not use bare ✕ character
      ---
      duration_ms: 0.236667
      type: 'test'
      ...
    1..2
ok 154 - modal close button
  ---
  duration_ms: 0.654333
  type: 'suite'
  ...
# Subtest: success state icons
    # Subtest: RenewKioskForm uses renderIcon for success icon
    ok 1 - RenewKioskForm uses renderIcon for success icon
      ---
      duration_ms: 0.182792
      type: 'test'
      ...
    # Subtest: LegacyRegistrationPage uses renderIcon for success icon
    ok 2 - LegacyRegistrationPage uses renderIcon for success icon
      ---
      duration_ms: 0.167792
      type: 'test'
      ...
    1..2
ok 155 - success state icons
  ---
  duration_ms: 0.416917
  type: 'suite'
  ...
# Subtest: no external icon dependencies
    # Subtest: package.json adds no icon library
    ok 1 - package.json adds no icon library
      ---
      duration_ms: 0.221375
      type: 'test'
      ...
    1..1
ok 156 - no external icon dependencies
  ---
  duration_ms: 0.264541
  type: 'suite'
  ...
# Subtest: stat-icon CSS
    # Subtest: app.css .stat-icon uses width/height not font-size for sizing
    ok 1 - app.css .stat-icon uses width/height not font-size for sizing
      ---
      duration_ms: 0.700791
      type: 'test'
      ...
    1..1
ok 157 - stat-icon CSS
  ---
  duration_ms: 0.762875
  type: 'suite'
  ...
# (node:30658) [MODULE_TYPELESS_PACKAGE_JSON] Warning: Module type of file:///Users/nguyenthanhhan/Documents/CODE/Die%CC%82%CC%83n%20Cha%CC%82u%20A%CC%80%20%C4%90a%CC%82y%20Ro%CC%82%CC%80i/DHL-Group-v3/src/config/organization.js is not specified and it doesn't parse as CommonJS.
# Reparsing as ES module because module syntax was detected. This incurs a performance overhead.
# To eliminate this warning, add "type": "module" to /Users/nguyenthanhhan/Documents/CODE/Diễn Châu À Đây Rồi/DHL-Group-v3/package.json.
# (Use `node --trace-warnings ...` to show where the warning was created)
# Subtest: kiosk list delegates warning and active sorting to the authoritative status RPC
ok 158 - kiosk list delegates warning and active sorting to the authoritative status RPC
  ---
  duration_ms: 0.919291
  type: 'test'
  ...
# Subtest: kiosk status filters use only the authoritative status RPC
ok 159 - kiosk status filters use only the authoritative status RPC
  ---
  duration_ms: 0.149792
  type: 'test'
  ...
# Subtest: customer kiosk-state filters use only the authoritative customer status RPC
ok 160 - customer kiosk-state filters use only the authoritative customer status RPC
  ---
  duration_ms: 0.12475
  type: 'test'
  ...
# Subtest: dashboard keeps the inclusive RPC expiry result instead of replacing it
ok 161 - dashboard keeps the inclusive RPC expiry result instead of replacing it
  ---
  duration_ms: 1.271542
  type: 'test'
  ...
# Subtest: kiosk reports use only the authoritative report RPC result
ok 162 - kiosk reports use only the authoritative report RPC result
  ---
  duration_ms: 0.421417
  type: 'test'
  ...
# Subtest: route initialization does not write textContent to the removed page-title element
ok 163 - route initialization does not write textContent to the removed page-title element
  ---
  duration_ms: 3.040917
  type: 'test'
  ...
# Subtest: login initialization helpers guard optional DOM targets before text updates
ok 164 - login initialization helpers guard optional DOM targets before text updates
  ---
  duration_ms: 0.762209
  type: 'test'
  ...
# Subtest: business log mode is off by default and technical hints only render when explicitly enabled
ok 165 - business log mode is off by default and technical hints only render when explicitly enabled
  ---
  duration_ms: 0.480958
  type: 'test'
  ...
# Subtest: four-column activity UI keeps business summary before collapsed raw technical data
ok 166 - four-column activity UI keeps business summary before collapsed raw technical data
  ---
  duration_ms: 0.577041
  type: 'test'
  ...
# (node:30662) [MODULE_TYPELESS_PACKAGE_JSON] Warning: Module type of file:///Users/nguyenthanhhan/Documents/CODE/Die%CC%82%CC%83n%20Cha%CC%82u%20A%CC%80%20%C4%90a%CC%82y%20Ro%CC%82%CC%80i/DHL-Group-v3/src/pages/CustomersPage.js is not specified and it doesn't parse as CommonJS.
# Reparsing as ES module because module syntax was detected. This incurs a performance overhead.
# To eliminate this warning, add "type": "module" to /Users/nguyenthanhhan/Documents/CODE/Diễn Châu À Đây Rồi/DHL-Group-v3/package.json.
# (Use `node --trace-warnings ...` to show where the warning was created)
# Subtest: expiry warning days follows organization settings with a safe fallback
ok 167 - expiry warning days follows organization settings with a safe fallback
  ---
  duration_ms: 0.466834
  type: 'test'
  ...
# Subtest: expiry warning labels render from organization settings
ok 168 - expiry warning labels render from organization settings
  ---
  duration_ms: 0.393375
  type: 'test'
  ...
# Subtest: kiosk status label is derived from end date before stored status
ok 169 - kiosk status label is derived from end date before stored status
  ---
  duration_ms: 7.182208
  type: 'test'
  ...
# Subtest: inclusive expiry contract uses every boundary for warning_days = 5
ok 170 - inclusive expiry contract uses every boundary for warning_days = 5
  ---
  duration_ms: 2.015708
  type: 'test'
  ...
# Subtest: inclusive expiry contract uses every boundary for warning_days = 10
ok 171 - inclusive expiry contract uses every boundary for warning_days = 10
  ---
  duration_ms: 0.5495
  type: 'test'
  ...
# (node:30663) [MODULE_TYPELESS_PACKAGE_JSON] Warning: Module type of file:///Users/nguyenthanhhan/Documents/CODE/Die%CC%82%CC%83n%20Cha%CC%82u%20A%CC%80%20%C4%90a%CC%82y%20Ro%CC%82%CC%80i/DHL-Group-v3/src/components/PaymentExperience.js is not specified and it doesn't parse as CommonJS.
# Reparsing as ES module because module syntax was detected. This incurs a performance overhead.
# To eliminate this warning, add "type": "module" to /Users/nguyenthanhhan/Documents/CODE/Diễn Châu À Đây Rồi/DHL-Group-v3/package.json.
# (Use `node --trace-warnings ...` to show where the warning was created)
# Subtest: shared payment status system renders semantic states with inline SVG icons
ok 172 - shared payment status system renders semantic states with inline SVG icons
  ---
  duration_ms: 0.559209
  type: 'test'
  ...
# Subtest: payment summaries, kiosk rows, and actions escape customer-facing values
ok 173 - payment summaries, kiosk rows, and actions escape customer-facing values
  ---
  duration_ms: 11.364792
  type: 'test'
  ...
# Subtest: registration and renewal use the same payment component system for every result state
ok 174 - registration and renewal use the same payment component system for every result state
  ---
  duration_ms: 3.592
  type: 'test'
  ...
# Subtest: registration has one deterministic business payment and duplicate requests are blocked
ok 175 - registration has one deterministic business payment and duplicate requests are blocked
  ---
  duration_ms: 4.582333
  type: 'test'
  ...
# Subtest: public renewal reuses one pending payment intent with a server-authoritative price
ok 176 - public renewal reuses one pending payment intent with a server-authoritative price
  ---
  duration_ms: 2.415416
  type: 'test'
  ...
# Subtest: one active PayOS order is enforced and replacement retains the business payment
ok 177 - one active PayOS order is enforced and replacement retains the business payment
  ---
  duration_ms: 0.602125
  type: 'test'
  ...
# Subtest: webhook finalization approves registration and closes sibling orders transactionally
ok 178 - webhook finalization approves registration and closes sibling orders transactionally
  ---
  duration_ms: 0.846667
  type: 'test'
  ...
# Subtest: duplicate and late old-order webhooks cannot apply service or revenue twice
ok 179 - duplicate and late old-order webhooks cannot apply service or revenue twice
  ---
  duration_ms: 0.991084
  type: 'test'
  ...
# Subtest: manual admin renewal stays PayOS-free while admin PayOS remains pending until webhook
ok 180 - manual admin renewal stays PayOS-free while admin PayOS remains pending until webhook
  ---
  duration_ms: 1.856459
  type: 'test'
  ...
# Subtest: checkout APIs reuse active orders and never trust return URL or polling to complete payment
ok 181 - checkout APIs reuse active orders and never trust return URL or polling to complete payment
  ---
  duration_ms: 2.387125
  type: 'test'
  ...
# Subtest: PayOS finalizer owns the single inclusive calendar calculation
ok 182 - PayOS finalizer owns the single inclusive calendar calculation
  ---
  duration_ms: 0.903417
  type: 'test'
  ...
# Subtest: registration requested period is inclusive and synchronized to completed payment
ok 183 - registration requested period is inclusive and synchronized to completed payment
  ---
  duration_ms: 1.759084
  type: 'test'
  ...
# Subtest: same paid order retry differs from late paid sibling reconciliation
ok 184 - same paid order retry differs from late paid sibling reconciliation
  ---
  duration_ms: 1.482625
  type: 'test'
  ...
# Subtest: public PayOS errors are sanitized and active checkout copy is friendly
ok 185 - public PayOS errors are sanitized and active checkout copy is friendly
  ---
  duration_ms: 1.895375
  type: 'test'
  ...
# Subtest: admin PayOS preparation reuses one pending business intent
ok 186 - admin PayOS preparation reuses one pending business intent
  ---
  duration_ms: 0.672958
  type: 'test'
  ...
# Subtest: unpaid registration is retained but absent from business Kiosk list and dashboard
ok 187 - unpaid registration is retained but absent from business Kiosk list and dashboard
  ---
  duration_ms: 2509.298083
  type: 'test'
  ...
# Subtest: cancelled registration is absent even though compatibility kiosk remains inactive
ok 188 - cancelled registration is absent even though compatibility kiosk remains inactive
  ---
  duration_ms: 43.20925
  type: 'test'
  ...
# Subtest: expired QR regeneration preserves request, Customer, Kiosks and business payment
ok 189 - expired QR regeneration preserves request, Customer, Kiosks and business payment
  ---
  duration_ms: 25.196459
  type: 'test'
  ...
# Subtest: duplicate webhook activates a batch and recognizes its money only once
ok 190 - duplicate webhook activates a batch and recognizes its money only once
  ---
  duration_ms: 34.499625
  type: 'test'
  ...
# Subtest: old expired QR can complete intent; money on new QR is retained without a second activation
ok 191 - old expired QR can complete intent; money on new QR is retained without a second activation
  ---
  duration_ms: 31.838041
  type: 'test'
  ...
# Subtest: wrong paymentLinkId fails safe and retains signed evidence
ok 192 - wrong paymentLinkId fails safe and retains signed evidence
  ---
  duration_ms: 16.95325
  type: 'test'
  ...
# Subtest: unpaid renewal and same-token retry keep expiry and one pending transaction
ok 193 - unpaid renewal and same-token retry keep expiry and one pending transaction
  ---
  duration_ms: 17.753125
  type: 'test'
  ...
# Subtest: paid renewal extends expiry once and editing an older paid note cannot replay its period
ok 194 - paid renewal extends expiry once and editing an older paid note cannot replay its period
  ---
  duration_ms: 15.52875
  type: 'test'
  ...
# Subtest: renewal uses the existing coupon engine and records usage exactly once
ok 195 - renewal uses the existing coupon engine and records usage exactly once
  ---
  duration_ms: 22.68975
  type: 'test'
  ...
# Subtest: bonus-month renewal extends service months without inflating money
ok 196 - bonus-month renewal extends service months without inflating money
  ---
  duration_ms: 12.182916
  type: 'test'
  ...
# Subtest: Vietnam month boundary: dashboard, report rows, summary and monthly chart agree
ok 197 - Vietnam month boundary: dashboard, report rows, summary and monthly chart agree
  ---
  duration_ms: 71.188666
  type: 'test'
  ...
# Subtest: one registration produces one default business event; technical audit remains available
ok 198 - one registration produces one default business event; technical audit remains available
  ---
  duration_ms: 17.645959
  type: 'test'
  ...
# Subtest: new QR wins, then old expired QR money is retained for review only
ok 199 - new QR wins, then old expired QR money is retained for review only
  ---
  duration_ms: 23.677125
  type: 'test'
  ...
# Subtest: expired renewal wins once; new QR and extra bank reference cannot extend or count twice
ok 200 - expired renewal wins once; new QR and extra bank reference cannot extend or count twice
  ---
  duration_ms: 17.3955
  type: 'test'
  ...
# Subtest: manual coupon renewal uses the same evaluator and usage ledger
ok 201 - manual coupon renewal uses the same evaluator and usage ledger
  ---
  duration_ms: 9.4415
  type: 'test'
  ...
# Subtest: checkout status sync never completes service and preserves late-payable mapping
ok 202 - checkout status sync never completes service and preserves late-payable mapping
  ---
  duration_ms: 14.110875
  type: 'test'
  ...
# Subtest: completed business payment remains paid even when its checkout UI expired
ok 203 - completed business payment remains paid even when its checkout UI expired
  ---
  duration_ms: 0.373208
  type: 'test'
  ...
# Subtest: a retained second transfer takes review priority over a paid display
ok 204 - a retained second transfer takes review priority over a paid display
  ---
  duration_ms: 0.048875
  type: 'test'
  ...
# Subtest: regeneration checks provider state and never cancels the old PayOS order
ok 205 - regeneration checks provider state and never cancels the old PayOS order
  ---
  duration_ms: 0.359541
  type: 'test'
  ...
# Subtest: registration creates checkout then redirects without inline payment presentation
ok 206 - registration creates checkout then redirects without inline payment presentation
  ---
  duration_ms: 4.800416
  type: 'test'
  ...
# Subtest: return hints never finalize and completed registration renders kiosk details
ok 207 - return hints never finalize and completed registration renders kiosk details
  ---
  duration_ms: 1.6115
  type: 'test'
  ...
# Subtest: public renewal redirects and polls read-only status for at most 30 seconds
ok 208 - public renewal redirects and polls read-only status for at most 30 seconds
  ---
  duration_ms: 1.771459
  type: 'test'
  ...
# Subtest: signed PayOS webhook probe order 123 is ignored before business RPC
ok 209 - signed PayOS webhook probe order 123 is ignored before business RPC
  ---
  duration_ms: 1.383833
  type: 'test'
  ...
# (node:30669) [MODULE_TYPELESS_PACKAGE_JSON] Warning: Module type of file:///Users/nguyenthanhhan/Documents/CODE/Die%CC%82%CC%83n%20Cha%CC%82u%20A%CC%80%20%C4%90a%CC%82y%20Ro%CC%82%CC%80i/DHL-Group-v3/src/components/PayosResultCard.js is not specified and it doesn't parse as CommonJS.
# Reparsing as ES module because module syntax was detected. This incurs a performance overhead.
# To eliminate this warning, add "type": "module" to /Users/nguyenthanhhan/Documents/CODE/Diễn Châu À Đây Rồi/DHL-Group-v3/package.json.
# (Use `node --trace-warnings ...` to show where the warning was created)
# Subtest: PayosResultCard exposes only checkout and optional link copy actions
ok 210 - PayosResultCard exposes only checkout and optional link copy actions
  ---
  duration_ms: 1.009709
  type: 'test'
  ...
# Subtest: authenticated CRM table access follows canonical per-user permission
ok 211 - authenticated CRM table access follows canonical per-user permission
  ---
  duration_ms: 2455.72925
  type: 'test'
  ...
# (node:30671) [MODULE_TYPELESS_PACKAGE_JSON] Warning: Module type of file:///Users/nguyenthanhhan/Documents/CODE/Die%CC%82%CC%83n%20Cha%CC%82u%20A%CC%80%20%C4%90a%CC%82y%20Ro%CC%82%CC%80i/DHL-Group-v3/src/constants/navigation.js is not specified and it doesn't parse as CommonJS.
# Reparsing as ES module because module syntax was detected. This incurs a performance overhead.
# To eliminate this warning, add "type": "module" to /Users/nguyenthanhhan/Documents/CODE/Diễn Châu À Đây Rồi/DHL-Group-v3/package.json.
# (Use `node --trace-warnings ...` to show where the warning was created)
# Subtest: sidebar preserves every route and permission, with CRM expanded and only TTC/System collapsible
ok 212 - sidebar preserves every route and permission, with CRM expanded and only TTC/System collapsible
  ---
  duration_ms: 1.255917
  type: 'test'
  ...
# Subtest: actual router navigation marks BOTH TTC destinations and opens active groups after navigation
ok 213 - actual router navigation marks BOTH TTC destinations and opens active groups after navigation
  ---
  duration_ms: 0.88775
  type: 'test'
  ...
# Subtest: new promotion defaults are runtime Vietnam time across year boundaries; editing empty limits stays empty
ok 214 - new promotion defaults are runtime Vietnam time across year boundaries; editing empty limits stays empty
  ---
  duration_ms: 8.456125
  type: 'test'
  ...
# Subtest: review contexts recover explicit payment, request, batch and kiosk ownership without inventing identities
ok 215 - review contexts recover explicit payment, request, batch and kiosk ownership without inventing identities
  ---
  duration_ms: 0.629792
  type: 'test'
  ...
# Subtest: integrity issues retain amount/status semantics and show actionable business copy
ok 216 - integrity issues retain amount/status semantics and show actionable business copy
  ---
  duration_ms: 2.3085
  type: 'test'
  ...
# Subtest: reconciliation journal translates technical terms, uses verified relationships and never treats an order ID as payment ID
ok 217 - reconciliation journal translates technical terms, uses verified relationships and never treats an order ID as payment ID
  ---
  duration_ms: 0.451125
  type: 'test'
  ...
# Subtest: legitimate service_role claim passes prepare renewal role guard
ok 218 - legitimate service_role claim passes prepare renewal role guard
  ---
  duration_ms: 13.986333
  type: 'test'
  ...
# Subtest: prepare renewal remains executable only by service_role
ok 219 - prepare renewal remains executable only by service_role
  ---
  duration_ms: 2.540417
  type: 'test'
  ...
# Subtest: renewal authorization is consumed exactly once before payment creation
ok 220 - renewal authorization is consumed exactly once before payment creation
  ---
  duration_ms: 1.632583
  type: 'test'
  ...
# Subtest: price remains server authoritative and invalid prices are rejected
ok 221 - price remains server authoritative and invalid prices are rejected
  ---
  duration_ms: 1.350667
  type: 'test'
  ...
# Subtest: valid preparation creates the expected pending transfer payment and JSON contract
ok 222 - valid preparation creates the expected pending transfer payment and JSON contract
  ---
  duration_ms: 1.75
  type: 'test'
  ...
# Subtest: prepare renewal errors do not log service credentials or secrets
ok 223 - prepare renewal errors do not log service credentials or secrets
  ---
  duration_ms: 0.584625
  type: 'test'
  ...
# Subtest: admin renewal migration uses type-safe inclusive calendar arithmetic
ok 224 - admin renewal migration uses type-safe inclusive calendar arithmetic
  ---
  duration_ms: 7.477625
  type: 'test'
  ...
# Subtest: PayOS creation paths send a 15-minute expiredAt independent of renewal token TTL
ok 225 - PayOS creation paths send a 15-minute expiredAt independent of renewal token TTL
  ---
  duration_ms: 2.271584
  type: 'test'
  ...
# Subtest: public renewal return polling is bounded and offers retry for terminal orders
ok 226 - public renewal return polling is bounded and offers retry for terminal orders
  ---
  duration_ms: 1.022959
  type: 'test'
  ...
# Subtest: semantic theme roles cover notices and Customer Detail headings
ok 227 - semantic theme roles cover notices and Customer Detail headings
  ---
  duration_ms: 1.449417
  type: 'test'
  ...
# Subtest: theme preference is shared and applied before the stylesheet loads
ok 228 - theme preference is shared and applied before the stylesheet loads
  ---
  duration_ms: 2.529875
  type: 'test'
  ...
# Subtest: production NUMERIC 2000.00 shape is accepted at the evaluator bigint boundary
ok 229 - production NUMERIC 2000.00 shape is accepted at the evaluator bigint boundary
  ---
  duration_ms: 0.441917
  type: 'test'
  ...
# Subtest: scaled-numeric correction replaces only the private evaluator contract
ok 230 - scaled-numeric correction replaces only the private evaluator contract
  ---
  duration_ms: 0.158333
  type: 'test'
  ...
# Subtest: Kiosk cards use the shared badge with a compact card-specific visual rule
ok 231 - Kiosk cards use the shared badge with a compact card-specific visual rule
  ---
  duration_ms: 0.723667
  type: 'test'
  ...
# Subtest: log names are batch-resolved and raw technical data remains expandable
ok 232 - log names are batch-resolved and raw technical data remains expandable
  ---
  duration_ms: 0.156541
  type: 'test'
  ...
# Subtest: CRM scope persistence is normalized and transactional
ok 233 - CRM scope persistence is normalized and transactional
  ---
  duration_ms: 0.919917
  type: 'test'
  ...
# Subtest: promotion audit actions are human-readable in the primary log view
ok 234 - promotion audit actions are human-readable in the primary log view
  ---
  duration_ms: 1.554583
  type: 'test'
  ...
# Subtest: zero payable is rejected server-side before PayOS creation
ok 235 - zero payable is rejected server-side before PayOS creation
  ---
  duration_ms: 0.412084
  type: 'test'
  ...
# Subtest: validity boundaries are inclusive and timestamps are authored in Vietnam time
ok 236 - validity boundaries are inclusive and timestamps are authored in Vietnam time
  ---
  duration_ms: 0.473791
  type: 'test'
  ...
# Subtest: security grants deny anon and gate CRM mutations by authoritative role
ok 237 - security grants deny anon and gate CRM mutations by authoritative role
  ---
  duration_ms: 0.440084
  type: 'test'
  ...
# Subtest: reference calculations cover percentage, fixed, bonus and mixed eligibility
ok 238 - reference calculations cover percentage, fixed, bonus and mixed eligibility
  ---
  duration_ms: 0.254125
  type: 'test'
  ...
# Subtest: promotion schema preserves normalized configuration and immutable usage snapshots
ok 239 - promotion schema preserves normalized configuration and immutable usage snapshots
  ---
  duration_ms: 0.378333
  type: 'test'
  ...
# Subtest: authoritative engine supports all V1 types, scopes and deterministic integer rounding
ok 240 - authoritative engine supports all V1 types, scopes and deterministic integer rounding
  ---
  duration_ms: 0.149708
  type: 'test'
  ...
# Subtest: promotion engine is called through the unique current checkout RPC
ok 241 - promotion engine is called through the unique current checkout RPC
  ---
  duration_ms: 0.253625
  type: 'test'
  ...
# Subtest: successful webhook finalizes one usage transaction-safely and bonus months remain separate
ok 242 - successful webhook finalizes one usage transaction-safely and bonus months remain separate
  ---
  duration_ms: 1.455042
  type: 'test'
  ...
# Subtest: public UI previews and submits optional promotion codes
ok 243 - public UI previews and submits optional promotion codes
  ---
  duration_ms: 0.322708
  type: 'test'
  ...
# Subtest: promotion value label, placeholder, suffix and helper are dynamic
ok 244 - promotion value label, placeholder, suffix and helper are dynamic
  ---
  duration_ms: 0.514333
  type: 'test'
  ...
# Subtest: all applicable promotion inputs use meaningful examples
ok 245 - all applicable promotion inputs use meaningful examples
  ---
  duration_ms: 0.170875
  type: 'test'
  ...
# Subtest: integer inputs and friendly validation preserve payload semantics
ok 246 - integer inputs and friendly validation preserve payload semantics
  ---
  duration_ms: 0.099833
  type: 'test'
  ...
# Subtest: Promotion RLS uses a narrow definer helper instead of caller access to user_roles
ok 247 - Promotion RLS uses a narrow definer helper instead of caller access to user_roles
  ---
  duration_ms: 1.317125
  type: 'test'
  ...
# Subtest: all Promotion Admin policies use the helper and no policy queries user_roles directly
ok 248 - all Promotion Admin policies use the helper and no policy queries user_roles directly
  ---
  duration_ms: 0.747958
  type: 'test'
  ...
# Subtest: Admin can read and pause while ordinary authenticated and anon users remain denied by RLS
ok 249 - Admin can read and pause while ordinary authenticated and anon users remain denied by RLS
  ---
  duration_ms: 1.257334
  type: 'test'
  ...
# Subtest: helper execution and save RPC remain restricted correctly
ok 250 - helper execution and save RPC remain restricted correctly
  ---
  duration_ms: 0.305292
  type: 'test'
  ...
# Subtest: safe delete RPC is admin-only and cannot be replaced by table DELETE
ok 251 - safe delete RPC is admin-only and cannot be replaced by table DELETE
  ---
  duration_ms: 0.519958
  type: 'test'
  ...
# Subtest: safe delete blocks every promotion usage, batch snapshot and completed payment reference
ok 252 - safe delete blocks every promotion usage, batch snapshot and completed payment reference
  ---
  duration_ms: 0.130417
  type: 'test'
  ...
# Subtest: Promotion Admin exposes branded confirmation and server-authoritative failure copy
ok 253 - Promotion Admin exposes branded confirmation and server-authoritative failure copy
  ---
  duration_ms: 0.114583
  type: 'test'
  ...
# Subtest: redesigned Promotion form keeps five sections, compact scope chips and immutable code affordance
ok 254 - redesigned Promotion form keeps five sections, compact scope chips and immutable code affordance
  ---
  duration_ms: 0.084042
  type: 'test'
  ...
# Subtest: promotion save corrective migration replaces only the affected RPC
ok 255 - promotion save corrective migration replaces only the affected RPC
  ---
  duration_ms: 0.514125
  type: 'test'
  ...
# Subtest: promotion save scope IDs are explicitly qualified
ok 256 - promotion save scope IDs are explicitly qualified
  ---
  duration_ms: 0.108083
  type: 'test'
  ...
# Subtest: affected RPC contains no known unqualified ambiguous references
ok 257 - affected RPC contains no known unqualified ambiguous references
  ---
  duration_ms: 0.223416
  type: 'test'
  ...
# Subtest: corrective RPC preserves authorization and execute grants
ok 258 - corrective RPC preserves authorization and execute grants
  ---
  duration_ms: 0.25675
  type: 'test'
  ...
# Public renewal unavailable: MISSING_RENEWAL_SECRET
# Subtest: ordinary lookup succeeds when public renewal secret is absent
ok 259 - ordinary lookup succeeds when public renewal secret is absent
  ---
  duration_ms: 22.748916
  type: 'test'
  ...
# Subtest: lookup diagnostics expose only a safe category when renewal prerequisites fail
ok 260 - lookup diagnostics expose only a safe category when renewal prerequisites fail
  ---
  duration_ms: 0.917042
  type: 'test'
  ...
# Subtest: lookup exposes renewal only when a valid server secret can issue authorization
ok 261 - lookup exposes renewal only when a valid server secret can issue authorization
  ---
  duration_ms: 0.882209
  type: 'test'
  ...
# (node:30683) [MODULE_TYPELESS_PACKAGE_JSON] Warning: Module type of file:///Users/nguyenthanhhan/Documents/CODE/Die%CC%82%CC%83n%20Cha%CC%82u%20A%CC%80%20%C4%90a%CC%82y%20Ro%CC%82%CC%80i/DHL-Group-v3/src/pages/RegisterPage.js is not specified and it doesn't parse as CommonJS.
# Reparsing as ES module because module syntax was detected. This incurs a performance overhead.
# To eliminate this warning, add "type": "module" to /Users/nguyenthanhhan/Documents/CODE/Diễn Châu À Đây Rồi/DHL-Group-v3/package.json.
# (Use `node --trace-warnings ...` to show where the warning was created)
# Subtest: public Kiosk registration exposes exactly three requested steps
ok 262 - public Kiosk registration exposes exactly three requested steps
  ---
  duration_ms: 0.68275
  type: 'test'
  ...
# Subtest: step-three payment and regenerated checkout redirect directly to PayOS
ok 263 - step-three payment and regenerated checkout redirect directly to PayOS
  ---
  duration_ms: 1.95175
  type: 'test'
  ...
# Subtest: registration protects submit re-entry and preserves reusable checkout state
ok 264 - registration protects submit re-entry and preserves reusable checkout state
  ---
  duration_ms: 2.299833
  type: 'test'
  ...
# Subtest: promotion and late-payment guidance remain present in the direct checkout flow
ok 265 - promotion and late-payment guidance remain present in the direct checkout flow
  ---
  duration_ms: 1.622417
  type: 'test'
  ...
# Subtest: registration stepper stays aligned across desktop and mobile rules
ok 266 - registration stepper stays aligned across desktop and mobile rules
  ---
  duration_ms: 1.869417
  type: 'test'
  ...
# Subtest: self-registration form uses username/password and does not require email
ok 267 - self-registration form uses username/password and does not require email
  ---
  duration_ms: 0.373042
  type: 'test'
  ...
# Subtest: normal users see personal routes only, granted users gain their module, and System Admin sees all
ok 268 - normal users see personal routes only, granted users gain their module, and System Admin sees all
  ---
  duration_ms: 0.358875
  type: 'test'
  ...
# Subtest: CRM Data API policies remove authenticated-wide access and use canonical permissions
ok 269 - CRM Data API policies remove authenticated-wide access and use canonical permissions
  ---
  duration_ms: 1.2085
  type: 'test'
  ...
# Subtest: Promotion Engine batch columns are populated before their NOT NULL constraints
ok 270 - Promotion Engine batch columns are populated before their NOT NULL constraints
  ---
  duration_ms: 1.25775
  type: 'test'
  ...
# Subtest: migration uses explicit function bodies and no definition text rewriting
ok 271 - migration uses explicit function bodies and no definition text rewriting
  ---
  duration_ms: 1.062125
  type: 'test'
  ...
# Subtest: private base preserves the authoritative batch contract and public wrapper topology
ok 272 - private base preserves the authoritative batch contract and public wrapper topology
  ---
  duration_ms: 0.520375
  type: 'test'
  ...
# Subtest: public PayOS requests use a separate waiting-for-payment state
ok 273 - public PayOS requests use a separate waiting-for-payment state
  ---
  duration_ms: 0.193333
  type: 'test'
  ...
# Subtest: Admin queue exposes awaiting-payment separately from Admin-review pending
ok 274 - Admin queue exposes awaiting-payment separately from Admin-review pending
  ---
  duration_ms: 0.236625
  type: 'test'
  ...
# Subtest: identical retry reuses request, batch, payment, and active provider order
ok 275 - identical retry reuses request, batch, payment, and active provider order
  ---
  duration_ms: 0.231833
  type: 'test'
  ...
# Subtest: failed provider creation releases only an unpaid empty reservation
ok 276 - failed provider creation releases only an unpaid empty reservation
  ---
  duration_ms: 0.334792
  type: 'test'
  ...
# Subtest: safe server diagnostics expose every registration payment stage
ok 277 - safe server diagnostics expose every registration payment stage
  ---
  duration_ms: 0.280583
  type: 'test'
  ...
# Subtest: legacy registrations keep explicit Admin review semantics
ok 278 - legacy registrations keep explicit Admin review semantics
  ---
  duration_ms: 0.577791
  type: 'test'
  ...
# Subtest: stabilization exposes one unique two-argument service-role RPC
ok 279 - stabilization exposes one unique two-argument service-role RPC
  ---
  duration_ms: 1.786584
  type: 'test'
  ...
# Subtest: browser and Node checkout pass optional promotion explicitly to v3
ok 280 - browser and Node checkout pass optional promotion explicitly to v3
  ---
  duration_ms: 0.240458
  type: 'test'
  ...
# Subtest: single and multi-Kiosk totals remain authoritative with one payment
ok 281 - single and multi-Kiosk totals remain authoritative with one payment
  ---
  duration_ms: 0.957625
  type: 'test'
  ...
# Subtest: current Promotion Engine NOT NULL columns receive neutral values
ok 282 - current Promotion Engine NOT NULL columns receive neutral values
  ---
  duration_ms: 0.491667
  type: 'test'
  ...
# Subtest: retry reuses request ownership, batch, payment, Kiosk and active provider order
ok 283 - retry reuses request ownership, batch, payment, Kiosk and active provider order
  ---
  duration_ms: 0.17725
  type: 'test'
  ...
# Subtest: awaiting-payment is visible but remains separate from Admin review
ok 284 - awaiting-payment is visible but remains separate from Admin review
  ---
  duration_ms: 0.147625
  type: 'test'
  ...
# Subtest: signed webhook remains the only completion path and is idempotent
ok 285 - signed webhook remains the only completion path and is idempotent
  ---
  duration_ms: 0.260125
  type: 'test'
  ...
# Subtest: forward-only migration does not rewrite functions dynamically or touch history
ok 286 - forward-only migration does not rewrite functions dynamically or touch history
  ---
  duration_ms: 0.332542
  type: 'test'
  ...
# (node:30686) [MODULE_TYPELESS_PACKAGE_JSON] Warning: Module type of file:///Users/nguyenthanhhan/Documents/CODE/Die%CC%82%CC%83n%20Cha%CC%82u%20A%CC%80%20%C4%90a%CC%82y%20Ro%CC%82%CC%80i/DHL-Group-v3/src/components/BusinessDiscovery.js is not specified and it doesn't parse as CommonJS.
# Reparsing as ES module because module syntax was detected. This incurs a performance overhead.
# To eliminate this warning, add "type": "module" to /Users/nguyenthanhhan/Documents/CODE/Diễn Châu À Đây Rồi/DHL-Group-v3/package.json.
# (Use `node --trace-warnings ...` to show where the warning was created)
# Subtest: business discovery is accent and case insensitive
ok 287 - business discovery is accent and case insensitive
  ---
  duration_ms: 0.469333
  type: 'test'
  ...
# Subtest: business discovery matches type, category, and description while preserving their IDs
ok 288 - business discovery matches type, category, and description while preserving their IDs
  ---
  duration_ms: 0.861084
  type: 'test'
  ...
# Subtest: registration V2 keeps category and business type separate and preserves production integrations
ok 289 - registration V2 keeps category and business type separate and preserves production integrations
  ---
  duration_ms: 4.275208
  type: 'test'
  ...
# Subtest: arbitrary registration months preserve the existing pricing calculation
ok 290 - arbitrary registration months preserve the existing pricing calculation
  ---
  duration_ms: 1.372708
  type: 'test'
  ...
# Subtest: single Kiosk reuses the Step 1 Facebook identity without rendering a second resolver
ok 291 - single Kiosk reuses the Step 1 Facebook identity without rendering a second resolver
  ---
  duration_ms: 6.248292
  type: 'test'
  ...
# Subtest: multi Kiosk first card can switch between customer and independent Facebook
ok 292 - multi Kiosk first card can switch between customer and independent Facebook
  ---
  duration_ms: 2.576125
  type: 'test'
  ...
# Subtest: resolver success explicitly clears stale name and ID validity state
ok 293 - resolver success explicitly clears stale name and ID validity state
  ---
  duration_ms: 6.879625
  type: 'test'
  ...
# Subtest: discount checkout previews optional promotion while submitted kiosk discounts remain zero
ok 294 - discount checkout previews optional promotion while submitted kiosk discounts remain zero
  ---
  duration_ms: 4.357
  type: 'test'
  ...
# Subtest: active Kiosk shows the renewal button and receives secure authorization
ok 295 - active Kiosk shows the renewal button and receives secure authorization
  ---
  duration_ms: 20.53
  type: 'test'
  ...
# Subtest: warning Kiosk shows the renewal button and receives secure authorization
ok 296 - warning Kiosk shows the renewal button and receives secure authorization
  ---
  duration_ms: 1.168041
  type: 'test'
  ...
# Subtest: expired Kiosk shows the renewal button and receives secure authorization
ok 297 - expired Kiosk shows the renewal button and receives secure authorization
  ---
  duration_ms: 1.17575
  type: 'test'
  ...
# Subtest: pending Kiosk shows the button without creating renewal authorization
ok 298 - pending Kiosk shows the button without creating renewal authorization
  ---
  duration_ms: 0.597625
  type: 'test'
  ...
# Subtest: invalid price 0 shows the button without creating authorization or payment
ok 299 - invalid price 0 shows the button without creating authorization or payment
  ---
  duration_ms: 1.735458
  type: 'test'
  ...
# Subtest: invalid price null shows the button without creating authorization or payment
ok 300 - invalid price null shows the button without creating authorization or payment
  ---
  duration_ms: 1.006291
  type: 'test'
  ...
# Subtest: invalid price not-a-price shows the button without creating authorization or payment
ok 301 - invalid price not-a-price shows the button without creating authorization or payment
  ---
  duration_ms: 3.932583
  type: 'test'
  ...
# (node:30688) [MODULE_TYPELESS_PACKAGE_JSON] Warning: Module type of file:///Users/nguyenthanhhan/Documents/CODE/Die%CC%82%CC%83n%20Cha%CC%82u%20A%CC%80%20%C4%90a%CC%82y%20Ro%CC%82%CC%80i/DHL-Group-v3/src/pages/LookupPage.js is not specified and it doesn't parse as CommonJS.
# Reparsing as ES module because module syntax was detected. This incurs a performance overhead.
# To eliminate this warning, add "type": "module" to /Users/nguyenthanhhan/Documents/CODE/Diễn Châu À Đây Rồi/DHL-Group-v3/package.json.
# (Use `node --trace-warnings ...` to show where the warning was created)
# Subtest: public renewal confirmation shows authoritative price, periods, and checkout action
ok 302 - public renewal confirmation shows authoritative price, periods, and checkout action
  ---
  duration_ms: 12.640458
  type: 'test'
  ...
# Subtest: legacy renewal payment renderer contains no inline QR or transfer data
ok 303 - legacy renewal payment renderer contains no inline QR or transfer data
  ---
  duration_ms: 0.133792
  type: 'test'
  ...
# Subtest: public renewal redirects and return handling polls only the read-only endpoint
ok 304 - public renewal redirects and return handling polls only the read-only endpoint
  ---
  duration_ms: 6.4795
  type: 'test'
  ...
# Subtest: public renewal period preserves remaining time and inclusive calendar months
ok 305 - public renewal period preserves remaining time and inclusive calendar months
  ---
  duration_ms: 1.016083
  type: 'test'
  ...
# Subtest: renewal authorization uses canonical verified JWT role claim
ok 306 - renewal authorization uses canonical verified JWT role claim
  ---
  duration_ms: 11.991708
  type: 'test'
  ...
# Subtest: anon and authenticated cannot execute while service_role can
ok 307 - anon and authenticated cannot execute while service_role can
  ---
  duration_ms: 2.709375
  type: 'test'
  ...
# Subtest: renewal authorization expiry remains bounded to 15 minutes
ok 308 - renewal authorization expiry remains bounded to 15 minutes
  ---
  duration_ms: 4.309542
  type: 'test'
  ...
# Subtest: server RPC helper selects the service credential for renewal authorization
ok 309 - server RPC helper selects the service credential for renewal authorization
  ---
  duration_ms: 4.643042
  type: 'test'
  ...
# Subtest: safe RPC diagnostics preserve useful fields and redact secrets
ok 310 - safe RPC diagnostics preserve useful fields and redact secrets
  ---
  duration_ms: 5.539708
  type: 'test'
  ...
# Subtest: signed renewal token is short lived and guessed ID is rejected
ok 311 - signed renewal token is short lived and guessed ID is rejected
  ---
  duration_ms: 1.166458
  type: 'test'
  ...
# Subtest: expired renewal token is rejected
ok 312 - expired renewal token is rejected
  ---
  duration_ms: 0.260375
  type: 'test'
  ...
# Subtest: token for Kiosk A cannot authorize Kiosk B
ok 313 - token for Kiosk A cannot authorize Kiosk B
  ---
  duration_ms: 0.147459
  type: 'test'
  ...
# Subtest: client price is ignored and current server price is authoritative
ok 314 - client price is ignored and current server price is authoritative
  ---
  duration_ms: 5.336334
  type: 'test'
  ...
# Subtest: renewal authorization is consumed once before payment preparation
ok 315 - renewal authorization is consumed once before payment preparation
  ---
  duration_ms: 0.750667
  type: 'test'
  ...
# Subtest: only signed webhook can complete and retries are idempotent
ok 316 - only signed webhook can complete and retries are idempotent
  ---
  duration_ms: 1.348916
  type: 'test'
  ...
# Subtest: public status and return URL cannot complete a renewal
ok 317 - public status and return URL cannot complete a renewal
  ---
  duration_ms: 2.088833
  type: 'test'
  ...
# Subtest: shared PayOS status polling is read-only and requires authoritative payment completion
ok 318 - shared PayOS status polling is read-only and requires authoritative payment completion
  ---
  duration_ms: 1.35025
  type: 'test'
  ...
# Subtest: webhook diagnostics expose lifecycle names but not secrets or payloads
ok 319 - webhook diagnostics expose lifecycle names but not secrets or payloads
  ---
  duration_ms: 2.353792
  type: 'test'
  ...
# Subtest: PayOS confirmation preserves remaining time for active and warning Kiosks
ok 320 - PayOS confirmation preserves remaining time for active and warning Kiosks
  ---
  duration_ms: 1.234125
  type: 'test'
  ...
# Subtest: Facebook help uses a dedicated responsive modal and readable step hierarchy
ok 321 - Facebook help uses a dedicated responsive modal and readable step hierarchy
  ---
  duration_ms: 4.286416
  type: 'test'
  ...
# Subtest: public checkbox and radio labels distinguish checked, unchecked and disabled states
ok 322 - public checkbox and radio labels distinguish checked, unchecked and disabled states
  ---
  duration_ms: 3.536958
  type: 'test'
  ...
# Subtest: public polish leaves resolver and PayOS contracts untouched
ok 323 - public polish leaves resolver and PayOS contracts untouched
  ---
  duration_ms: 2.188833
  type: 'test'
  ...
# Subtest: public header and home use the shared SVG icon system without emoji controls
ok 324 - public header and home use the shared SVG icon system without emoji controls
  ---
  duration_ms: 0.394792
  type: 'test'
  ...
# Subtest: registration retains three focused steps and concise classification confirmation
ok 325 - registration retains three focused steps and concise classification confirmation
  ---
  duration_ms: 0.096708
  type: 'test'
  ...
# Subtest: promotion checkout exposes accessible preview, money discount and bonus-month states
ok 326 - promotion checkout exposes accessible preview, money discount and bonus-month states
  ---
  duration_ms: 0.062584
  type: 'test'
  ...
# Subtest: business discovery removes repeated taxonomy and keeps search-first fallback
ok 327 - business discovery removes repeated taxonomy and keeps search-first fallback
  ---
  duration_ms: 0.044875
  type: 'test'
  ...
# Subtest: legacy, lookup, payment and mobile contracts share V3 responsive primitives
ok 328 - legacy, lookup, payment and mobile contracts share V3 responsive primitives
  ---
  duration_ms: 0.076083
  type: 'test'
  ...
# Subtest: QR display expiry remains separate from registration/payment business intent
ok 329 - QR display expiry remains separate from registration/payment business intent
  ---
  duration_ms: 1.514167
  type: 'test'
  ...
# Subtest: future cancellation archives only transaction-proven provisional customers
ok 330 - future cancellation archives only transaction-proven provisional customers
  ---
  duration_ms: 0.30825
  type: 'test'
  ...
# Subtest: Dashboard and Logs consume one permission-checked business event RPC
ok 331 - Dashboard and Logs consume one permission-checked business event RPC
  ---
  duration_ms: 0.362875
  type: 'test'
  ...
# Subtest: financial KPI query and labels use runtime Vietnam year and month
ok 332 - financial KPI query and labels use runtime Vietnam year and month
  ---
  duration_ms: 0.299125
  type: 'test'
  ...
# Subtest: module permission guards protect reports, logs, payments, registration and storage
ok 333 - module permission guards protect reports, logs, payments, registration and storage
  ---
  duration_ms: 0.503125
  type: 'test'
  ...
# Subtest: homepage body is focused and Hero/Footer share the public content object
ok 334 - homepage body is focused and Hero/Footer share the public content object
  ---
  duration_ms: 0.36275
  type: 'test'
  ...
# Subtest: account self-registration requires only username and password
ok 335 - account self-registration requires only username and password
  ---
  duration_ms: 0.248417
  type: 'test'
  ...
# Subtest: QA migrations execute and registration RPCs use the unified module permission
ok 336 - QA migrations execute and registration RPCs use the unified module permission
  ---
  duration_ms: 2360.308625
  type: 'test'
  ...
# Subtest: Round 2 migrations execute and enforce status, expense category and journal boundaries
ok 337 - Round 2 migrations execute and enforce status, expense category and journal boundaries
  ---
  duration_ms: 2388.799625
  type: 'test'
  ...
# Subtest: status read models use only the narrow warning-days helper and retain private settings
ok 338 - status read models use only the narrow warning-days helper and retain private settings
  ---
  duration_ms: 1.136875
  type: 'test'
  ...
# Subtest: Kiosk list exposes only real business states with required semantics and sorting
ok 339 - Kiosk list exposes only real business states with required semantics and sorting
  ---
  duration_ms: 0.51625
  type: 'test'
  ...
# Subtest: admin history screens use runtime Vietnam year-to-date values and shared date fields
ok 340 - admin history screens use runtime Vietnam year-to-date values and shared date fields
  ---
  duration_ms: 0.223458
  type: 'test'
  ...
# Subtest: Expense workspace uses one date range for expense, revenue and net profit
ok 341 - Expense workspace uses one date range for expense, revenue and net profit
  ---
  duration_ms: 0.134083
  type: 'test'
  ...
# Subtest: managed expense categories support create rename archive and preserve historical FK rows
ok 342 - managed expense categories support create rename archive and preserve historical FK rows
  ---
  duration_ms: 0.294125
  type: 'test'
  ...
# Subtest: default Business Logs exclude mirrored audit rows while technical history remains available
ok 343 - default Business Logs exclude mirrored audit rows while technical history remains available
  ---
  duration_ms: 0.2165
  type: 'test'
  ...
# Subtest: Settings is the single sidebar workspace and reuses the canonical Homepage editor
ok 344 - Settings is the single sidebar workspace and reuses the canonical Homepage editor
  ---
  duration_ms: 0.273875
  type: 'test'
  ...
# Subtest: public footer uses local branded assets, removes duplicate destinations and has compact empty UI
ok 345 - public footer uses local branded assets, removes duplicate destinations and has compact empty UI
  ---
  duration_ms: 0.193
  type: 'test'
  ...
# Subtest: legitimate service_role claim passes PayOS order recording guard
ok 346 - legitimate service_role claim passes PayOS order recording guard
  ---
  duration_ms: 5.944917
  type: 'test'
  ...
# Subtest: PayOS order recording remains executable only by service_role
ok 347 - PayOS order recording remains executable only by service_role
  ---
  duration_ms: 1.483208
  type: 'test'
  ...
# Subtest: only pending public renewal payment can be recorded
ok 348 - only pending public renewal payment can be recorded
  ---
  duration_ms: 1.358667
  type: 'test'
  ...
# Subtest: wrong amount and non-public-renewal payment are rejected
ok 349 - wrong amount and non-public-renewal payment are rejected
  ---
  duration_ms: 1.111375
  type: 'test'
  ...
# Subtest: PayOS record preserves provider fields, pending upsert, and JSON response
ok 350 - PayOS record preserves provider fields, pending upsert, and JSON response
  ---
  duration_ms: 1.725375
  type: 'test'
  ...
# Subtest: recording path does not log service credentials or renewal secrets
ok 351 - recording path does not log service credentials or renewal secrets
  ---
  duration_ms: 1.029792
  type: 'test'
  ...
# Subtest: latest application-owned public renewal RPC definitions use no legacy singular role setting
ok 352 - latest application-owned public renewal RPC definitions use no legacy singular role setting
  ---
  duration_ms: 82.846583
  type: 'test'
  ...
# Subtest: reproduces SQLSTATE 42883 source and hotfixes every affected batch function
ok 353 - reproduces SQLSTATE 42883 source and hotfixes every affected batch function
  ---
  duration_ms: 5.685958
  type: 'test'
  ...
# Subtest: registration API preserves safe PostgreSQL code, message, details, and hint diagnostics
ok 354 - registration API preserves safe PostgreSQL code, message, details, and hint diagnostics
  ---
  duration_ms: 1.409417
  type: 'test'
  ...
# Subtest: failure remains before every PayOS network request and batch ownership is unchanged
ok 355 - failure remains before every PayOS network request and batch ownership is unchanged
  ---
  duration_ms: 0.989875
  type: 'test'
  ...
# Subtest: registration batches cannot run legacy or modern single-kiosk period logic
ok 356 - registration batches cannot run legacy or modern single-kiosk period logic
  ---
  duration_ms: 14.565709
  type: 'test'
  ...
# Subtest: batch kiosk totals use item allocations while customer revenue keeps one payment
ok 357 - batch kiosk totals use item allocations while customer revenue keeps one payment
  ---
  duration_ms: 2.096958
  type: 'test'
  ...
# Subtest: ordinary payments and renewals retain single-kiosk totals and dates
ok 358 - ordinary payments and renewals retain single-kiosk totals and dates
  ---
  duration_ms: 0.624583
  type: 'test'
  ...
# Subtest: batch finalizer remains sole owner of every kiosk and item date
ok 359 - batch finalizer remains sole owner of every kiosk and item date
  ---
  duration_ms: 2.058625
  type: 'test'
  ...
# Subtest: registration lookup navigation clears PayOS return state and can prefill phone
ok 360 - registration lookup navigation clears PayOS return state and can prefill phone
  ---
  duration_ms: 0.944
  type: 'test'
  ...
# Subtest: only a stored public-renewal flow can activate renewal return mode
ok 361 - only a stored public-renewal flow can activate renewal return mode
  ---
  duration_ms: 1.004292
  type: 'test'
  ...
# Subtest: single and multi-Kiosk registration use the same one-batch one-payment architecture
ok 362 - single and multi-Kiosk registration use the same one-batch one-payment architecture
  ---
  duration_ms: 4.327333
  type: 'test'
  ...
# Subtest: batch total is a server-side sum of current active business-type prices
ok 363 - batch total is a server-side sum of current active business-type prices
  ---
  duration_ms: 2.135916
  type: 'test'
  ...
# Subtest: repeated checkout and expired replacement retain one underlying batch payment
ok 364 - repeated checkout and expired replacement retain one underlying batch payment
  ---
  duration_ms: 2.420208
  type: 'test'
  ...
# Subtest: paid webhook transactionally activates every batch item exactly once
ok 365 - paid webhook transactionally activates every batch item exactly once
  ---
  duration_ms: 0.821542
  type: 'test'
  ...
# Subtest: batch dates are inclusive per item and revenue is represented by one completed payment
ok 366 - batch dates are inclusive per item and revenue is represented by one completed payment
  ---
  duration_ms: 0.991208
  type: 'test'
  ...
# Subtest: batch status is read-only and returns all activated Kiosks
ok 367 - batch status is read-only and returns all activated Kiosks
  ---
  duration_ms: 1.531959
  type: 'test'
  ...
# Subtest: new batch RPCs are locked down and legacy, renewal, and admin paths remain available
ok 368 - new batch RPCs are locked down and legacy, renewal, and admin paths remain available
  ---
  duration_ms: 1.659792
  type: 'test'
  ...
# Subtest: v3 is the single explicit current service-role checkout signature
ok 369 - v3 is the single explicit current service-role checkout signature
  ---
  duration_ms: 1.813167
  type: 'test'
  ...
# Subtest: normal and promotion pricing share one authoritative transaction
ok 370 - normal and promotion pricing share one authoritative transaction
  ---
  duration_ms: 0.482958
  type: 'test'
  ...
# Subtest: API always sends the third argument and creates PayOS only after DB preparation
ok 371 - API always sends the third argument and creates PayOS only after DB preparation
  ---
  duration_ms: 0.187084
  type: 'test'
  ...
# Subtest: retry and cross-flow duplicate contracts are serialized and idempotent
ok 372 - retry and cross-flow duplicate contracts are serialized and idempotent
  ---
  duration_ms: 0.385916
  type: 'test'
  ...
# Subtest: Admin external completion records real external payment and finalizes exactly once
ok 373 - Admin external completion records real external payment and finalizes exactly once
  ---
  duration_ms: 0.236375
  type: 'test'
  ...
# Subtest: Admin cancellation preserves history and refuses paid or active records
ok 374 - Admin cancellation preserves history and refuses paid or active records
  ---
  duration_ms: 1.388333
  type: 'test'
  ...
# Subtest: Admin UI exposes request-centric filters, payment states and safe dialogs
ok 375 - Admin UI exposes request-centric filters, payment states and safe dialogs
  ---
  duration_ms: 0.313375
  type: 'test'
  ...
# Subtest: reports and notifications keep all four pending concepts separate
ok 376 - reports and notifications keep all four pending concepts separate
  ---
  duration_ms: 0.241167
  type: 'test'
  ...
# Subtest: promotion UI and signed webhook remain connected without weakening idempotency
ok 377 - promotion UI and signed webhook remain connected without weakening idempotency
  ---
  duration_ms: 0.532875
  type: 'test'
  ...
# Subtest: security-definer functions use empty search path and narrow execute grants
ok 378 - security-definer functions use empty search path and narrow execute grants
  ---
  duration_ms: 0.882917
  type: 'test'
  ...
# Subtest: production hotfix leaves exactly one public payment-preparation signature
ok 379 - production hotfix leaves exactly one public payment-preparation signature
  ---
  duration_ms: 1.289375
  type: 'test'
  ...
# Subtest: normal checkout uses v3 with explicit null promotion and remains server-authoritative
ok 380 - normal checkout uses v3 with explicit null promotion and remains server-authoritative
  ---
  duration_ms: 0.13275
  type: 'test'
  ...
# Subtest: percentage, fixed and bonus-month promotion infrastructure remains installed
ok 381 - percentage, fixed and bonus-month promotion infrastructure remains installed
  ---
  duration_ms: 0.266416
  type: 'test'
  ...
# Subtest: promotion input enters the unique v3 path before provider order creation
ok 382 - promotion input enters the unique v3 path before provider order creation
  ---
  duration_ms: 0.147833
  type: 'test'
  ...
# Subtest: duplicate and failed-attempt retries preserve one financial intent
ok 383 - duplicate and failed-attempt retries preserve one financial intent
  ---
  duration_ms: 0.118
  type: 'test'
  ...
# Subtest: multi-Kiosk payment remains one authoritative sum
ok 384 - multi-Kiosk payment remains one authoritative sum
  ---
  duration_ms: 0.108666
  type: 'test'
  ...
# Subtest: PayOS failure diagnostics identify the recoverable stage without leaking secrets
ok 385 - PayOS failure diagnostics identify the recoverable stage without leaking secrets
  ---
  duration_ms: 0.169625
  type: 'test'
  ...
# Subtest: production schema contract does not define registration_requests.updated_at
ok 386 - production schema contract does not define registration_requests.updated_at
  ---
  duration_ms: 4.213042
  type: 'test'
  ...
# Subtest: webhook column hotfix repairs every effective registration request writer
ok 387 - webhook column hotfix repairs every effective registration request writer
  ---
  duration_ms: 1.096542
  type: 'test'
  ...
# Subtest: all historical registration_requests.updated_at writes are classified
ok 388 - all historical registration_requests.updated_at writes are classified
  ---
  duration_ms: 3.023
  type: 'test'
  ...
# Subtest: reachable table-column references remain covered by their schema contracts
ok 389 - reachable table-column references remain covered by their schema contracts
  ---
  duration_ms: 2.28725
  type: 'test'
  ...
# Subtest: shared button SVG normalization keeps rendered icons compact and unfilled
ok 390 - shared button SVG normalization keeps rendered icons compact and unfilled
  ---
  duration_ms: 0.576834
  type: 'test'
  ...
# Subtest: Registration Requests toolbar and destructive modal actions align icon and label
ok 391 - Registration Requests toolbar and destructive modal actions align icon and label
  ---
  duration_ms: 0.31425
  type: 'test'
  ...
# Subtest: active category and business-type code contains no removed sort_order field
ok 392 - active category and business-type code contains no removed sort_order field
  ---
  duration_ms: 10.882958
  type: 'test'
  ...
# Subtest: categories are ordered alphabetically by name
ok 393 - categories are ordered alphabetically by name
  ---
  duration_ms: 2.664041
  type: 'test'
  ...
# Subtest: business types are grouped by category and ordered by name within each group
ok 394 - business types are grouped by category and ordered by name within each group
  ---
  duration_ms: 1.415
  type: 'test'
  ...
# Subtest: category and business-type mutations never send removed sort_order
ok 395 - category and business-type mutations never send removed sort_order
  ---
  duration_ms: 1.054416
  type: 'test'
  ...
# (node:30709) [MODULE_TYPELESS_PACKAGE_JSON] Warning: Module type of file:///Users/nguyenthanhhan/Documents/CODE/Die%CC%82%CC%83n%20Cha%CC%82u%20A%CC%80%20%C4%90a%CC%82y%20Ro%CC%82%CC%80i/DHL-Group-v3/src/components/RenewKioskForm.js is not specified and it doesn't parse as CommonJS.
# Reparsing as ES module because module syntax was detected. This incurs a performance overhead.
# To eliminate this warning, add "type": "module" to /Users/nguyenthanhhan/Documents/CODE/Diễn Châu À Đây Rồi/DHL-Group-v3/package.json.
# (Use `node --trace-warnings ...` to show where the warning was created)
# Subtest: active Kiosk renewal starts one day after current expiry
ok 396 - active Kiosk renewal starts one day after current expiry
  ---
  duration_ms: 1.824708
  type: 'test'
  ...
# Subtest: expired Kiosk renewal starts today
ok 397 - expired Kiosk renewal starts today
  ---
  duration_ms: 0.174083
  type: 'test'
  ...
# Subtest: public renewal blocked states use friendly Admin-support messages
ok 398 - public renewal blocked states use friendly Admin-support messages
  ---
  duration_ms: 0.276625
  type: 'test'
  ...
# Subtest: renewal end uses calendar months and inclusive end date
ok 399 - renewal end uses calendar months and inclusive end date
  ---
  duration_ms: 0.200792
  type: 'test'
  ...
# Subtest: shared VND formatter is consistent
ok 400 - shared VND formatter is consistent
  ---
  duration_ms: 10.181625
  type: 'test'
  ...
# Subtest: manual and PayOS renewal paths remain separated
ok 401 - manual and PayOS renewal paths remain separated
  ---
  duration_ms: 5.43225
  type: 'test'
  ...
# (node:30711) [MODULE_TYPELESS_PACKAGE_JSON] Warning: Module type of file:///Users/nguyenthanhhan/Documents/CODE/Die%CC%82%CC%83n%20Cha%CC%82u%20A%CC%80%20%C4%90a%CC%82y%20Ro%CC%82%CC%80i/DHL-Group-v3/src/components/RenewKioskForm.js is not specified and it doesn't parse as CommonJS.
# Reparsing as ES module because module syntax was detected. This incurs a performance overhead.
# To eliminate this warning, add "type": "module" to /Users/nguyenthanhhan/Documents/CODE/Diễn Châu À Đây Rồi/DHL-Group-v3/package.json.
# (Use `node --trace-warnings ...` to show where the warning was created)
# Subtest: active, expiring, and expires-today renewals start without a gap or overlap
ok 402 - active, expiring, and expires-today renewals start without a gap or overlap
  ---
  duration_ms: 2.345
  type: 'test'
  ...
# Subtest: expired yesterday and long-expired renewals restart on confirmation date
ok 403 - expired yesterday and long-expired renewals restart on confirmation date
  ---
  duration_ms: 0.559875
  type: 'test'
  ...
# Subtest: calendar-month periods cover three months, month ends, and year boundaries
ok 404 - calendar-month periods cover three months, month ends, and year boundaries
  ---
  duration_ms: 0.187833
  type: 'test'
  ...
# Subtest: forward migration preserves kiosk start_date in manual, PayOS, and trigger paths
ok 405 - forward migration preserves kiosk start_date in manual, PayOS, and trigger paths
  ---
  duration_ms: 6.375125
  type: 'test'
  ...
# Subtest: manual and PayOS finalizers use the same authoritative inclusive period rule
ok 406 - manual and PayOS finalizers use the same authoritative inclusive period rule
  ---
  duration_ms: 0.670917
  type: 'test'
  ...
# Subtest: PayOS webhook idempotency remains owned by the existing webhook implementation
ok 407 - PayOS webhook idempotency remains owned by the existing webhook implementation
  ---
  duration_ms: 1.238292
  type: 'test'
  ...
# (node:30712) [MODULE_TYPELESS_PACKAGE_JSON] Warning: Module type of file:///Users/nguyenthanhhan/Documents/CODE/Die%CC%82%CC%83n%20Cha%CC%82u%20A%CC%80%20%C4%90a%CC%82y%20Ro%CC%82%CC%80i/DHL-Group-v3/src/pages/ReportsPage.js is not specified and it doesn't parse as CommonJS.
# Reparsing as ES module because module syntax was detected. This incurs a performance overhead.
# To eliminate this warning, add "type": "module" to /Users/nguyenthanhhan/Documents/CODE/Diễn Châu À Đây Rồi/DHL-Group-v3/package.json.
# (Use `node --trace-warnings ...` to show where the warning was created)
# Subtest: Reports renders three primary filters and nine advanced filters without losing fields
ok 408 - Reports renders three primary filters and nine advanced filters without losing fields
  ---
  duration_ms: 35.270459
  type: 'test'
  ...
# Subtest: existing filter state, refresh, export, and tab behavior remain bound
ok 409 - existing filter state, refresh, export, and tab behavior remain bound
  ---
  duration_ms: 0.337333
  type: 'test'
  ...
# Subtest: advanced filters open only on explicit disclosure without dropping stored filter values
ok 410 - advanced filters open only on explicit disclosure without dropping stored filter values
  ---
  duration_ms: 0.132042
  type: 'test'
  ...
# Subtest: all report tabs and full-filter CSV export remain present
ok 411 - all report tabs and full-filter CSV export remain present
  ---
  duration_ms: 0.072084
  type: 'test'
  ...
# Subtest: Reports uses the shared responsive FilterBar, with compact dates and a wider search
ok 412 - Reports uses the shared responsive FilterBar, with compact dates and a wider search
  ---
  duration_ms: 0.194625
  type: 'test'
  ...
# (node:30714) [MODULE_TYPELESS_PACKAGE_JSON] Warning: Module type of file:///Users/nguyenthanhhan/Documents/CODE/Die%CC%82%CC%83n%20Cha%CC%82u%20A%CC%80%20%C4%90a%CC%82y%20Ro%CC%82%CC%80i/DHL-Group-v3/src/components/PublicLogo.js is not specified and it doesn't parse as CommonJS.
# Reparsing as ES module because module syntax was detected. This incurs a performance overhead.
# To eliminate this warning, add "type": "module" to /Users/nguyenthanhhan/Documents/CODE/Diễn Châu À Đây Rồi/DHL-Group-v3/package.json.
# (Use `node --trace-warnings ...` to show where the warning was created)
# Subtest: sidebar and shared header logo use root-relative light and dark assets
ok 413 - sidebar and shared header logo use root-relative light and dark assets
  ---
  duration_ms: 1.294791
  type: 'test'
  ...
# Subtest: public, sidebar and mobile header logos have separate responsive sizing without distortion
ok 414 - public, sidebar and mobile header logos have separate responsive sizing without distortion
  ---
  duration_ms: 11.733792
  type: 'test'
  ...
# Subtest: stylesheet cache key changes with the corrected logo layout
ok 415 - stylesheet cache key changes with the corrected logo layout
  ---
  duration_ms: 1.121625
  type: 'test'
  ...
# Subtest: theme switching updates mounted logos immediately without re-render or reload
ok 416 - theme switching updates mounted logos immediately without re-render or reload
  ---
  duration_ms: 0.334541
  type: 'test'
  ...
# Subtest: active source contains no deleted or route-relative sidebar logo reference
ok 417 - active source contains no deleted or route-relative sidebar logo reference
  ---
  duration_ms: 3.51975
  type: 'test'
  ...
# Subtest: Dashboard remains standalone and CRM is expanded while secondary groups use disclosures
ok 418 - Dashboard remains standalone and CRM is expanded while secondary groups use disclosures
  ---
  duration_ms: 0.524167
  type: 'test'
  ...
# (node:30716) [MODULE_TYPELESS_PACKAGE_JSON] Warning: Module type of file:///Users/nguyenthanhhan/Documents/CODE/Die%CC%82%CC%83n%20Cha%CC%82u%20A%CC%80%20%C4%90a%CC%82y%20Ro%CC%82%CC%80i/DHL-Group-v3/src/constants/navigation.js is not specified and it doesn't parse as CommonJS.
# Reparsing as ES module because module syntax was detected. This incurs a performance overhead.
# To eliminate this warning, add "type": "module" to /Users/nguyenthanhhan/Documents/CODE/Diễn Châu À Đây Rồi/DHL-Group-v3/package.json.
# (Use `node --trace-warnings ...` to show where the warning was created)
# Subtest: TTC keeps its operational items while unified users moves to system settings
ok 419 - TTC keeps its operational items while unified users moves to system settings
  ---
  duration_ms: 12.831375
  type: 'test'
  ...
# Subtest: sidebar sections need no expand state while current route stays active
ok 420 - sidebar sections need no expand state while current route stays active
  ---
  duration_ms: 0.163875
  type: 'test'
  ...
# Subtest: sidebar uses the valid brand asset and compact accessible presentation
ok 421 - sidebar uses the valid brand asset and compact accessible presentation
  ---
  duration_ms: 0.805208
  type: 'test'
  ...
# Subtest: sidebar uses the unified direct-permission resolution
ok 422 - sidebar uses the unified direct-permission resolution
  ---
  duration_ms: 0.363584
  type: 'test'
  ...
# Subtest: every pg_catalog symbol in active migrations is explicitly classified
ok 423 - every pg_catalog symbol in active migrations is explicitly classified
  ---
  duration_ms: 36.208458
  type: 'test'
  ...
# Subtest: final hotfix recreates every active batch function and removes all invalid special forms
ok 424 - final hotfix recreates every active batch function and removes all invalid special forms
  ---
  duration_ms: 1.055958
  type: 'test'
  ...
# Subtest: the pre-PayOS and webhook dependency functions contain no invalid qualification
ok 425 - the pre-PayOS and webhook dependency functions contain no invalid qualification
  ---
  duration_ms: 2.822375
  type: 'test'
  ...
# (node:30719) [MODULE_TYPELESS_PACKAGE_JSON] Warning: Module type of file:///Users/nguyenthanhhan/Documents/CODE/Die%CC%82%CC%83n%20Cha%CC%82u%20A%CC%80%20%C4%90a%CC%82y%20Ro%CC%82%CC%80i/DHL-Group-v3/src/components/StatusBadge.js is not specified and it doesn't parse as CommonJS.
# Reparsing as ES module because module syntax was detected. This incurs a performance overhead.
# To eliminate this warning, add "type": "module" to /Users/nguyenthanhhan/Documents/CODE/Diễn Châu À Đây Rồi/DHL-Group-v3/package.json.
# (Use `node --trace-warnings ...` to show where the warning was created)
# Subtest: required Kiosk states use distinct semantic badge treatments
ok 426 - required Kiosk states use distinct semantic badge treatments
  ---
  duration_ms: 1.049667
  type: 'test'
  ...
# Subtest: compact actions include SVG icons and semantic action tones
ok 427 - compact actions include SVG icons and semantic action tones
  ---
  duration_ms: 0.416958
  type: 'test'
  ...
# Subtest: shared CSS gives badges tint, border and compact actions a bounded size
ok 428 - shared CSS gives badges tint, border and compact actions a bounded size
  ---
  duration_ms: 3.638084
  type: 'test'
  ...
# Subtest: exact Kiosk sets are identical for warning_days=5
ok 429 - exact Kiosk sets are identical for warning_days=5
  ---
  duration_ms: 4.423083
  type: 'test'
  ...
# Subtest: exact Kiosk sets are identical for warning_days=10
ok 430 - exact Kiosk sets are identical for warning_days=10
  ---
  duration_ms: 0.502042
  type: 'test'
  ...
# Subtest: exact Kiosk sets are identical for warning_days=20
ok 431 - exact Kiosk sets are identical for warning_days=20
  ---
  duration_ms: 0.518834
  type: 'test'
  ...
# Subtest: exact Kiosk sets are identical for warning_days=30
ok 432 - exact Kiosk sets are identical for warning_days=30
  ---
  duration_ms: 0.675708
  type: 'test'
  ...
# Subtest: customer status precedence is deterministic for mixed Kiosk sets
ok 433 - customer status precedence is deterministic for mixed Kiosk sets
  ---
  duration_ms: 0.271083
  type: 'test'
  ...
# Subtest: migration and services route every active status consumer through one SQL contract
ok 434 - migration and services route every active status consumer through one SQL contract
  ---
  duration_ms: 6.249916
  type: 'test'
  ...
# Subtest: authenticated status RPCs use a narrow warning-days accessor
ok 435 - authenticated status RPCs use a narrow warning-days accessor
  ---
  duration_ms: 5.551542
  type: 'test'
  ...
# Subtest: permission fix never grants authenticated access to the settings table
ok 436 - permission fix never grants authenticated access to the settings table
  ---
  duration_ms: 2.263209
  type: 'test'
  ...
# Subtest: warning-days fallback and status contracts remain unchanged
ok 437 - warning-days fallback and status contracts remain unchanged
  ---
  duration_ms: 1.097584
  type: 'test'
  ...
# Subtest: existing definer report and public-settings RPCs retain explicit authorization boundaries
ok 438 - existing definer report and public-settings RPCs retain explicit authorization boundaries
  ---
  duration_ms: 2.855125
  type: 'test'
  ...
# Subtest: Dashboard stays standalone and section labels keep permitted items visible
ok 439 - Dashboard stays standalone and section labels keep permitted items visible
  ---
  duration_ms: 1.4805
  type: 'test'
  ...
# Subtest: Reports overview contains exactly the six business-facing KPI cards
ok 440 - Reports overview contains exactly the six business-facing KPI cards
  ---
  duration_ms: 0.504208
  type: 'test'
  ...
# Subtest: notification popup is presentation-sorted and closes outside or with Escape without summary copy
ok 441 - notification popup is presentation-sorted and closes outside or with Escape without summary copy
  ---
  duration_ms: 0.292792
  type: 'test'
  ...
# Subtest: Promotions uses one overflow-safe accessible action menu with destructive styling
ok 442 - Promotions uses one overflow-safe accessible action menu with destructive styling
  ---
  duration_ms: 0.453833
  type: 'test'
  ...
# Subtest: inactive and cancelled records cannot inherit the active presentation
ok 443 - inactive and cancelled records cannot inherit the active presentation
  ---
  duration_ms: 0.150583
  type: 'test'
  ...
# Subtest: canonical permission map contains all 26 active production permissions
ok 444 - canonical permission map contains all 26 active production permissions
  ---
  duration_ms: 1.762208
  type: 'test'
  ...
# Subtest: locked session is rejected from sensitive API using current database access state
ok 445 - locked session is rejected from sensitive API using current database access state
  ---
  duration_ms: 17.004541
  type: 'test'
  ...
# Subtest: one-permission user is denied an unrelated API permission
ok 446 - one-permission user is denied an unrelated API permission
  ---
  duration_ms: 1.361166
  type: 'test'
  ...
# Subtest: System Admin can list users without individual user_permissions rows
ok 447 - System Admin can list users without individual user_permissions rows
  ---
  duration_ms: 1.767208
  type: 'test'
  ...
# Subtest: legacy GET /api/staff compatibility preserves listing contract for System Admin
ok 448 - legacy GET /api/staff compatibility preserves listing contract for System Admin
  ---
  duration_ms: 0.369209
  type: 'test'
  ...
# Subtest: legacy staff compatibility still enforces user-management permission
ok 449 - legacy staff compatibility still enforces user-management permission
  ---
  duration_ms: 0.339917
  type: 'test'
  ...
# Subtest: GET user-management without the staff rewrite marker keeps the existing POST-only contract
ok 450 - GET user-management without the staff rewrite marker keeps the existing POST-only contract
  ---
  duration_ms: 0.1385
  type: 'test'
  ...
# Subtest: grant permissions performs authoritative sync and enables web access
ok 451 - grant permissions performs authoritative sync and enables web access
  ---
  duration_ms: 4.047875
  type: 'test'
  ...
# Subtest: removing all CRM permissions preserves personal web access
ok 452 - removing all CRM permissions preserves personal web access
  ---
  duration_ms: 0.595375
  type: 'test'
  ...
# Subtest: sensitive actions reject a wrong admin password before any protected write
ok 453 - sensitive actions reject a wrong admin password before any protected write
  ---
  duration_ms: 0.635417
  type: 'test'
  ...
# Subtest: profile update uses an explicit whitelist and ignores protected client fields
ok 454 - profile update uses an explicit whitelist and ignores protected client fields
  ---
  duration_ms: 1.330209
  type: 'test'
  ...
# Subtest: unknown or inactive permission is rejected before permission writes
ok 455 - unknown or inactive permission is rejected before permission writes
  ---
  duration_ms: 0.735125
  type: 'test'
  ...
# Subtest: lock and unlock synchronize Auth ban and database web access without granting permissions
ok 456 - lock and unlock synchronize Auth ban and database web access without granting permissions
  ---
  duration_ms: 2.090041
  type: 'test'
  ...
# Subtest: System Admin target cannot be permission-modified or locked
ok 457 - System Admin target cannot be permission-modified or locked
  ---
  duration_ms: 0.868084
  type: 'test'
  ...
# Subtest: wallet adjustment reuses ledger RPC and preserves idempotency key
ok 458 - wallet adjustment reuses ledger RPC and preserves idempotency key
  ---
  duration_ms: 0.863166
  type: 'test'
  ...
# Subtest: password reset response and audit never contain plaintext passwords
ok 459 - password reset response and audit never contain plaintext passwords
  ---
  duration_ms: 1.789375
  type: 'test'
  ...
# Subtest: new authorization path has no legacy Reviewer checks or frontend service-role access
ok 460 - new authorization path has no legacy Reviewer checks or frontend service-role access
  ---
  duration_ms: 2.299208
  type: 'test'
  ...
# Subtest: user list keeps the requested compact columns and one Manage action
ok 461 - user list keeps the requested compact columns and one Manage action
  ---
  duration_ms: 1.007917
  type: 'test'
  ...
# Subtest: Manage button opens User Detail and all five tabs remain wired
ok 462 - Manage button opens User Detail and all five tabs remain wired
  ---
  duration_ms: 1.401875
  type: 'test'
  ...
# Subtest: permission groups cover the unchanged canonical catalog with Vietnamese labels only
ok 463 - permission groups cover the unchanged canonical catalog with Vietnamese labels only
  ---
  duration_ms: 0.74725
  type: 'test'
  ...
# Subtest: saving permissions opens a confirmation dialog and reuses the existing backend flow
ok 464 - saving permissions opens a confirmation dialog and reuses the existing backend flow
  ---
  duration_ms: 0.347166
  type: 'test'
  ...
# Subtest: table keeps user data bindings and web access uses explicit business copy
ok 465 - table keeps user data bindings and web access uses explicit business copy
  ---
  duration_ms: 0.277291
  type: 'test'
  ...
# Subtest: modal, permission cards and sticky actions are compact and responsive
ok 466 - modal, permission cards and sticky actions are compact and responsive
  ---
  duration_ms: 1.357417
  type: 'test'
  ...
# Subtest: Vercel Hobby deployment has at most 12 physical function entrypoints
ok 467 - Vercel Hobby deployment has at most 12 physical function entrypoints
  ---
  duration_ms: 2.804083
  type: 'test'
  ...
# Subtest: legacy /api/staff is rewritten to the user-management compatibility branch
ok 468 - legacy /api/staff is rewritten to the user-management compatibility branch
  ---
  duration_ms: 1.191834
  type: 'test'
  ...
# Subtest: allows Facebook verify bypass on Vercel preview but never production
ok 469 - allows Facebook verify bypass on Vercel preview but never production
  ---
  duration_ms: 1.79725
  type: 'test'
  ...
1..469
# tests 497
# suites 9
# pass 497
# fail 0
# cancelled 0
# skipped 0
# todo 0
# duration_ms 3261.535291
