
> test
> node --test tests/*.test.*

TAP version 13
# (node:28787) [MODULE_TYPELESS_PACKAGE_JSON] Warning: Module type of file:///Users/nguyenthanhhan/Documents/CODE/Die%CC%82%CC%83n%20Cha%CC%82u%20A%CC%80%20%C4%90a%CC%82y%20Ro%CC%82%CC%80i/DHL-Group-v3/src/utils/auditLogPresentation.js is not specified and it doesn't parse as CommonJS.
# Reparsing as ES module because module syntax was detected. This incurs a performance overhead.
# To eliminate this warning, add "type": "module" to /Users/nguyenthanhhan/Documents/CODE/Diễn Châu À Đây Rồi/DHL-Group-v3/package.json.
# (Use `node --trace-warnings ...` to show where the warning was created)
# Subtest: technical action and module codes are translated without leaking internal vocabulary
ok 1 - technical action and module codes are translated without leaking internal vocabulary
  ---
  duration_ms: 0.388083
  type: 'test'
  ...
# Subtest: manual renewal summary uses Kiosk, period, package and currency in business format
ok 2 - manual renewal summary uses Kiosk, period, package and currency in business format
  ---
  duration_ms: 12.191875
  type: 'test'
  ...
# Subtest: PayOS and automatic actors have explicit business source labels
ok 3 - PayOS and automatic actors have explicit business source labels
  ---
  duration_ms: 0.069209
  type: 'test'
  ...
# Subtest: missing entity name falls back to stored payment data without fabrication
ok 4 - missing entity name falls back to stored payment data without fabrication
  ---
  duration_ms: 0.32175
  type: 'test'
  ...
# Subtest: resolved Kiosk and promotion names replace database ids in primary copy
ok 5 - resolved Kiosk and promotion names replace database ids in primary copy
  ---
  duration_ms: 0.341625
  type: 'test'
  ...
# Subtest: business type and category ids resolve on both sides of a change
ok 6 - business type and category ids resolve on both sides of a change
  ---
  duration_ms: 0.38225
  type: 'test'
  ...
# Subtest: user permissions, wallet and backward-compatible unknown logs stay readable
ok 7 - user permissions, wallet and backward-compatible unknown logs stay readable
  ---
  duration_ms: 1.122042
  type: 'test'
  ...
# Subtest: unresolved foreign keys are clearly marked as ids and raw payload stays technical
ok 8 - unresolved foreign keys are clearly marked as ids and raw payload stays technical
  ---
  duration_ms: 0.087291
  type: 'test'
  ...
# (node:28788) [MODULE_TYPELESS_PACKAGE_JSON] Warning: Module type of file:///Users/nguyenthanhhan/Documents/CODE/Die%CC%82%CC%83n%20Cha%CC%82u%20A%CC%80%20%C4%90a%CC%82y%20Ro%CC%82%CC%80i/DHL-Group-v3/src/services/KioskService.js is not specified and it doesn't parse as CommonJS.
# Reparsing as ES module because module syntax was detected. This incurs a performance overhead.
# To eliminate this warning, add "type": "module" to /Users/nguyenthanhhan/Documents/CODE/Diễn Châu À Đây Rồi/DHL-Group-v3/package.json.
# (Use `node --trace-warnings ...` to show where the warning was created)
# Subtest: Admin Kiosk form exposes Category and Business Type as separate persisted controls
ok 9 - Admin Kiosk form exposes Category and Business Type as separate persisted controls
  ---
  duration_ms: 2.450041
  type: 'test'
  ...
# Subtest: Admin Kiosk editable payload persists all approved fields and rejects payment or renewal fields
ok 10 - Admin Kiosk editable payload persists all approved fields and rejects payment or renewal fields
  ---
  duration_ms: 0.347792
  type: 'test'
  ...
# Subtest: Admin date edit remains a direct audited Kiosk update without payment or renewal mutation
ok 11 - Admin date edit remains a direct audited Kiosk update without payment or renewal mutation
  ---
  duration_ms: 1.048875
  type: 'test'
  ...
# Subtest: Kiosk detail exposes one labelled action menu and keeps the existing handlers
ok 12 - Kiosk detail exposes one labelled action menu and keeps the existing handlers
  ---
  duration_ms: 0.728167
  type: 'test'
  ...
# Subtest: Kiosk suspension is destructive, lives in overflow and requires modal confirmation
ok 13 - Kiosk suspension is destructive, lives in overflow and requires modal confirmation
  ---
  duration_ms: 0.514125
  type: 'test'
  ...
# Subtest: Revenue summary includes expense-backed operational KPIs without changing its revenue source
ok 14 - Revenue summary includes expense-backed operational KPIs without changing its revenue source
  ---
  duration_ms: 0.773333
  type: 'test'
  ...
# Subtest: Admin UX remains usable on narrow screens and money values do not wrap
ok 15 - Admin UX remains usable on narrow screens and money values do not wrap
  ---
  duration_ms: 0.600834
  type: 'test'
  ...
# (node:28790) [MODULE_TYPELESS_PACKAGE_JSON] Warning: Module type of file:///Users/nguyenthanhhan/Documents/CODE/Die%CC%82%CC%83n%20Cha%CC%82u%20A%CC%80%20%C4%90a%CC%82y%20Ro%CC%82%CC%80i/DHL-Group-v3/src/services/AuditLogService.js is not specified and it doesn't parse as CommonJS.
# Reparsing as ES module because module syntax was detected. This incurs a performance overhead.
# To eliminate this warning, add "type": "module" to /Users/nguyenthanhhan/Documents/CODE/Diễn Châu À Đây Rồi/DHL-Group-v3/package.json.
# (Use `node --trace-warnings ...` to show where the warning was created)
# Subtest: batch enrichment resolves payment, Kiosk, user and both sides of reference changes
ok 16 - batch enrichment resolves payment, Kiosk, user and both sides of reference changes
  ---
  duration_ms: 1.35925
  type: 'test'
  ...
# Subtest: lookup failures and deleted records preserve the original log with an explicit missing fallback
ok 17 - lookup failures and deleted records preserve the original log with an explicit missing fallback
  ---
  duration_ms: 0.430958
  type: 'test'
  ...
# Subtest: OFF mode whitelist exactly matches the formatter business event catalog
ok 18 - OFF mode whitelist exactly matches the formatter business event catalog
  ---
  duration_ms: 1.864917
  type: 'test'
  ...
# Subtest: canonical category filters include historical module and entity aliases
ok 19 - canonical category filters include historical module and entity aliases
  ---
  duration_ms: 0.243834
  type: 'test'
  ...
# Subtest: RPC remains authorized, immutable-data compatible and pagination-safe
ok 20 - RPC remains authorized, immutable-data compatible and pagination-safe
  ---
  duration_ms: 0.280375
  type: 'test'
  ...
# Subtest: normalized category is returned while internal normalization fields are removed
ok 21 - normalized category is returned while internal normalization fields are removed
  ---
  duration_ms: 0.106791
  type: 'test'
  ...
# Subtest: admin username login normalizes lowercase and never exposes internal email
ok 22 - admin username login normalizes lowercase and never exposes internal email
  ---
  duration_ms: 18.100125
  type: 'test'
  ...
# Subtest: wrong username and wrong password return the same generic response
ok 23 - wrong username and wrong password return the same generic response
  ---
  duration_ms: 0.405083
  type: 'test'
  ...
# Subtest: locked account is denied after valid password with a generic response
ok 24 - locked account is denied after valid password with a generic response
  ---
  duration_ms: 0.473584
  type: 'test'
  ...
# Subtest: active permissionless account can login to the personal area
ok 25 - active permissionless account can login to the personal area
  ---
  duration_ms: 1.06975
  type: 'test'
  ...
# Subtest: public account registration creates a normal web user without CRM permissions
ok 26 - public account registration creates a normal web user without CRM permissions
  ---
  duration_ms: 0.38175
  type: 'test'
  ...
# Subtest: legacy email resolver is disabled and cannot disclose an auth email
ok 27 - legacy email resolver is disabled and cannot disclose an auth email
  ---
  duration_ms: 0.080959
  type: 'test'
  ...
# (node:28793) [MODULE_TYPELESS_PACKAGE_JSON] Warning: Module type of file:///Users/nguyenthanhhan/Documents/CODE/Die%CC%82%CC%83n%20Cha%CC%82u%20A%CC%80%20%C4%90a%CC%82y%20Ro%CC%82%CC%80i/DHL-Group-v3/src/utils/kioskStatus.js is not specified and it doesn't parse as CommonJS.
# Reparsing as ES module because module syntax was detected. This incurs a performance overhead.
# To eliminate this warning, add "type": "module" to /Users/nguyenthanhhan/Documents/CODE/Diễn Châu À Đây Rồi/DHL-Group-v3/package.json.
# (Use `node --trace-warnings ...` to show where the warning was created)
# Subtest: inclusive warning boundary holds for warning_days=5
ok 28 - inclusive warning boundary holds for warning_days=5
  ---
  duration_ms: 1.704417
  type: 'test'
  ...
# Subtest: inclusive warning boundary holds for warning_days=10
ok 29 - inclusive warning boundary holds for warning_days=10
  ---
  duration_ms: 0.243208
  type: 'test'
  ...
# Subtest: inclusive warning boundary holds for warning_days=20
ok 30 - inclusive warning boundary holds for warning_days=20
  ---
  duration_ms: 0.203541
  type: 'test'
  ...
# Subtest: inclusive warning boundary holds for warning_days=30
ok 31 - inclusive warning boundary holds for warning_days=30
  ---
  duration_ms: 0.096542
  type: 'test'
  ...
# Subtest: warning range crosses month and year boundaries as calendar dates
ok 32 - warning range crosses month and year boundaries as calendar dates
  ---
  duration_ms: 0.188375
  type: 'test'
  ...
# Subtest: RPC uses settings warning_days and one Vietnam report date
ok 33 - RPC uses settings warning_days and one Vietnam report date
  ---
  duration_ms: 4.637417
  type: 'test'
  ...
# Subtest: kiosk card count, rows, filters, and pagination use one filtered CTE
ok 34 - kiosk card count, rows, filters, and pagination use one filtered CTE
  ---
  duration_ms: 0.937
  type: 'test'
  ...
# Subtest: stored active and warning states share the same inclusive derived rule
ok 35 - stored active and warning states share the same inclusive derived rule
  ---
  duration_ms: 2.669708
  type: 'test'
  ...
# Subtest: ReportService never applies a frontend expiring override
ok 36 - ReportService never applies a frontend expiring override
  ---
  duration_ms: 1.282375
  type: 'test'
  ...
# Subtest: report RPC retains permissions and pagination validation
ok 37 - report RPC retains permissions and pagination validation
  ---
  duration_ms: 1.9425
  type: 'test'
  ...
# Subtest: Hồ sơ Kiosk copy keeps payment, review and Kiosk states distinct
ok 38 - Hồ sơ Kiosk copy keeps payment, review and Kiosk states distinct
  ---
  duration_ms: 1.0595
  type: 'test'
  ...
# Subtest: global toast and reusable busy button expose accessible compact states
ok 39 - global toast and reusable busy button expose accessible compact states
  ---
  duration_ms: 0.498166
  type: 'test'
  ...
# Subtest: notification badge counts unread lifecycle-deduped items and supports mark all read
ok 40 - notification badge counts unread lifecycle-deduped items and supports mark all read
  ---
  duration_ms: 0.144917
  type: 'test'
  ...
# Subtest: business logs name Admin cancellation while raw identifiers stay in technical details
ok 41 - business logs name Admin cancellation while raw identifiers stay in technical details
  ---
  duration_ms: 0.095583
  type: 'test'
  ...
# Subtest: cancelled public provisional Kiosks become inactive without touching completed Kiosks
ok 42 - cancelled public provisional Kiosks become inactive without touching completed Kiosks
  ---
  duration_ms: 0.341167
  type: 'test'
  ...
# (node:28795) [MODULE_TYPELESS_PACKAGE_JSON] Warning: Module type of file:///Users/nguyenthanhhan/Documents/CODE/Die%CC%82%CC%83n%20Cha%CC%82u%20A%CC%80%20%C4%90a%CC%82y%20Ro%CC%82%CC%80i/DHL-Group-v3/src/utils/currency.js is not specified and it doesn't parse as CommonJS.
# Reparsing as ES module because module syntax was detected. This incurs a performance overhead.
# To eliminate this warning, add "type": "module" to /Users/nguyenthanhhan/Documents/CODE/Diễn Châu À Đây Rồi/DHL-Group-v3/package.json.
# (Use `node --trace-warnings ...` to show where the warning was created)
# Subtest: VND formatter and parser keep raw integer values
ok 43 - VND formatter and parser keep raw integer values
  ---
  duration_ms: 14.868375
  type: 'test'
  ...
# Subtest: currency input stays empty and never keeps a leading zero
ok 44 - currency input stays empty and never keeps a leading zero
  ---
  duration_ms: 1.0115
  type: 'test'
  ...
# (node:28796) [MODULE_TYPELESS_PACKAGE_JSON] Warning: Module type of file:///Users/nguyenthanhhan/Documents/CODE/Die%CC%82%CC%83n%20Cha%CC%82u%20A%CC%80%20%C4%90a%CC%82y%20Ro%CC%82%CC%80i/DHL-Group-v3/src/services/DashboardService.js is not specified and it doesn't parse as CommonJS.
# Reparsing as ES module because module syntax was detected. This incurs a performance overhead.
# To eliminate this warning, add "type": "module" to /Users/nguyenthanhhan/Documents/CODE/Diễn Châu À Đây Rồi/DHL-Group-v3/package.json.
# (Use `node --trace-warnings ...` to show where the warning was created)
# Subtest: dashboard normalizes single and multi-Kiosk registrations without replacing item amounts
ok 45 - dashboard normalizes single and multi-Kiosk registrations without replacing item amounts
  ---
  duration_ms: 0.598
  type: 'test'
  ...
# Subtest: dashboard migration uses batch-item amount with registration-request fallback and newest-first order
ok 46 - dashboard migration uses batch-item amount with registration-request fallback and newest-first order
  ---
  duration_ms: 3.260833
  type: 'test'
  ...
# Subtest: recent activity UI is limited to completed business events
ok 47 - recent activity UI is limited to completed business events
  ---
  duration_ms: 0.790334
  type: 'test'
  ...
# (node:28797) [MODULE_TYPELESS_PACKAGE_JSON] Warning: Module type of file:///Users/nguyenthanhhan/Documents/CODE/Die%CC%82%CC%83n%20Cha%CC%82u%20A%CC%80%20%C4%90a%CC%82y%20Ro%CC%82%CC%80i/DHL-Group-v3/src/pages/DashboardPage.js is not specified and it doesn't parse as CommonJS.
# Reparsing as ES module because module syntax was detected. This incurs a performance overhead.
# To eliminate this warning, add "type": "module" to /Users/nguyenthanhhan/Documents/CODE/Diễn Châu À Đây Rồi/DHL-Group-v3/package.json.
# (Use `node --trace-warnings ...` to show where the warning was created)
# Subtest: recent activity maps only explicit business event types to semantic badges
ok 48 - recent activity maps only explicit business event types to semantic badges
  ---
  duration_ms: 2.556584
  type: 'test'
  ...
# Subtest: recent activity always renders exactly one badge from the normalized presentation
ok 49 - recent activity always renders exactly one badge from the normalized presentation
  ---
  duration_ms: 2.46275
  type: 'test'
  ...
# Subtest: shared business events preserve registration, renewal and legacy types
ok 50 - shared business events preserve registration, renewal and legacy types
  ---
  duration_ms: 5.805334
  type: 'test'
  ...
# Subtest: dashboard excludes business-log-only activity without reclassifying it
ok 51 - dashboard excludes business-log-only activity without reclassifying it
  ---
  duration_ms: 0.06775
  type: 'test'
  ...
# Subtest: dashboard deduplicates shared transactions, sorts by business date and limits the report to five
ok 52 - dashboard deduplicates shared transactions, sorts by business date and limits the report to five
  ---
  duration_ms: 0.187959
  type: 'test'
  ...
# Subtest: recent activity reads the shared permission-checked business event model only
ok 53 - recent activity reads the shared permission-checked business event model only
  ---
  duration_ms: 0.837542
  type: 'test'
  ...
# Subtest: category chart centers one bounded stage and stacks legend below on compact screens
ok 54 - category chart centers one bounded stage and stacks legend below on compact screens
  ---
  duration_ms: 1.876
  type: 'test'
  ...
# Subtest: expiring kiosk row is a native accessible deep-link using the existing kiosk id route
ok 55 - expiring kiosk row is a native accessible deep-link using the existing kiosk id route
  ---
  duration_ms: 1.410458
  type: 'test'
  ...
# Subtest: expiring kiosk link has pointer, hover, and keyboard focus states
ok 56 - expiring kiosk link has pointer, hover, and keyboard focus states
  ---
  duration_ms: 1.406083
  type: 'test'
  ...
# Subtest: Phase UI-1 — Global Theme & Design System Foundation
    # Subtest: defines the required semantic tokens in dark and light themes
    ok 1 - defines the required semantic tokens in dark and light themes
      ---
      duration_ms: 4.718625
      type: 'test'
      ...
    # Subtest: maintains strict token parity between Dark and Light theme blocks
    ok 2 - maintains strict token parity between Dark and Light theme blocks
      ---
      duration_ms: 5.638041
      type: 'test'
      ...
    # Subtest: keeps exactly one html[data-theme="light"] token block and avoids stacked override passes
    ok 3 - keeps exactly one html[data-theme="light"] token block and avoids stacked override passes
      ---
      duration_ms: 2.370459
      type: 'test'
      ...
    # Subtest: provides complete button variants consuming semantic tokens
    ok 4 - provides complete button variants consuming semantic tokens
      ---
      duration_ms: 2.378792
      type: 'test'
      ...
    # Subtest: provides complete status badge and chip variants with WCAG tokens
    ok 5 - provides complete status badge and chip variants with WCAG tokens
      ---
      duration_ms: 3.180791
      type: 'test'
      ...
    # Subtest: provides table hover and selected states consuming semantic tokens
    ok 6 - provides table hover and selected states consuming semantic tokens
      ---
      duration_ms: 2.330083
      type: 'test'
      ...
    # Subtest: provides main content icon foundation with semantic families
    ok 7 - provides main content icon foundation with semantic families
      ---
      duration_ms: 1.395875
      type: 'test'
      ...
    # Subtest: maintains low !important usage in stylesheet
    ok 8 - maintains low !important usage in stylesheet
      ---
      duration_ms: 1.269416
      type: 'test'
      ...
    # Subtest: dispatches dhl:themechange on PublicLayout theme toggle
    ok 9 - dispatches dhl:themechange on PublicLayout theme toggle
      ---
      duration_ms: 1.141042
      type: 'test'
      ...
    1..9
ok 57 - Phase UI-1 — Global Theme & Design System Foundation
  ---
  duration_ms: 25.97425
  type: 'suite'
  ...
# Subtest: category chart canvas height is at least 210px (larger than Phase 3 180px)
ok 58 - category chart canvas height is at least 210px (larger than Phase 3 180px)
  ---
  duration_ms: 5.385875
  type: 'test'
  ...
# Subtest: category donut radius cap is at least 80px (larger than Phase 3 70px)
ok 59 - category donut radius cap is at least 80px (larger than Phase 3 70px)
  ---
  duration_ms: 1.332125
  type: 'test'
  ...
# Subtest: category donut inner radius ratio is between 0.50 and 0.60
ok 60 - category donut inner radius ratio is between 0.50 and 0.60
  ---
  duration_ms: 3.214042
  type: 'test'
  ...
# Subtest: category legend is vertically centered relative to canvas height, not fixed at y=10
ok 61 - category legend is vertically centered relative to canvas height, not fixed at y=10
  ---
  duration_ms: 1.01225
  type: 'test'
  ...
# Subtest: chart-container.small uses flex alignment for vertical centering
ok 62 - chart-container.small uses flex alignment for vertical centering
  ---
  duration_ms: 1.063375
  type: 'test'
  ...
# Subtest: chart-container.small min-height matches canvas height
ok 63 - chart-container.small min-height matches canvas height
  ---
  duration_ms: 2.437875
  type: 'test'
  ...
# Subtest: canvas theme tokens are all present and no hardcoded colors in fill/stroke assignments
ok 64 - canvas theme tokens are all present and no hardcoded colors in fill/stroke assignments
  ---
  duration_ms: 1.120791
  type: 'test'
  ...
# Subtest: dashboard category card HTML still uses chart-container small class
ok 65 - dashboard category card HTML still uses chart-container small class
  ---
  duration_ms: 0.715917
  type: 'test'
  ...
# Subtest: expense route and menu use the unified permission model
ok 66 - expense route and menu use the unified permission model
  ---
  duration_ms: 0.3435
  type: 'test'
  ...
# Subtest: expense UI provides CRUD, requested filters, salary fields and duplicate warning
ok 67 - expense UI provides CRUD, requested filters, salary fields and duplicate warning
  ---
  duration_ms: 0.203584
  type: 'test'
  ...
# Subtest: expense mutations are transactional business events without generic update spam
ok 68 - expense mutations are transactional business events without generic update spam
  ---
  duration_ms: 0.164208
  type: 'test'
  ...
# Subtest: Reports applies the same date filters and computes estimated profit from unchanged revenue
ok 69 - Reports applies the same date filters and computes estimated profit from unchanged revenue
  ---
  duration_ms: 0.184792
  type: 'test'
  ...
# Subtest: create, edit and archive expense produce one business log each
ok 70 - create, edit and archive expense produce one business log each
  ---
  duration_ms: 2438.975708
  type: 'test'
  ...
# Subtest: amount at or below zero is rejected by RPC and table constraint
ok 71 - amount at or below zero is rejected by RPC and table constraint
  ---
  duration_ms: 6.139625
  type: 'test'
  ...
# Subtest: salary requires employee and month while duplicate salary remains a warning
ok 72 - salary requires employee and month while duplicate salary remains a warning
  ---
  duration_ms: 29.660209
  type: 'test'
  ...
# Subtest: RLS and RPC enforce expense permission while System Admin retains access
ok 73 - RLS and RPC enforce expense permission while System Admin retains access
  ---
  duration_ms: 7.031375
  type: 'test'
  ...
# Subtest: expense report uses the inclusive date filter without mutating payments
ok 74 - expense report uses the inclusive date filter without mutating payments
  ---
  duration_ms: 5.910083
  type: 'test'
  ...
# (node:28802) [MODULE_TYPELESS_PACKAGE_JSON] Warning: Module type of file:///Users/nguyenthanhhan/Documents/CODE/Die%CC%82%CC%83n%20Cha%CC%82u%20A%CC%80%20%C4%90a%CC%82y%20Ro%CC%82%CC%80i/DHL-Group-v3/src/config/organization.js is not specified and it doesn't parse as CommonJS.
# Reparsing as ES module because module syntax was detected. This incurs a performance overhead.
# To eliminate this warning, add "type": "module" to /Users/nguyenthanhhan/Documents/CODE/Diễn Châu À Đây Rồi/DHL-Group-v3/package.json.
# (Use `node --trace-warnings ...` to show where the warning was created)
# Subtest: public settings reload preserves warning_days in the shared cache
ok 75 - public settings reload preserves warning_days in the shared cache
  ---
  duration_ms: 1.8095
  type: 'test'
  ...
# Subtest: forward migration exposes warning_days and preserves public RPC grants
ok 76 - forward migration exposes warning_days and preserves public RPC grants
  ---
  duration_ms: 3.253834
  type: 'test'
  ...
# (node:28803) [MODULE_TYPELESS_PACKAGE_JSON] Warning: Module type of file:///Users/nguyenthanhhan/Documents/CODE/Die%CC%82%CC%83n%20Cha%CC%82u%20A%CC%80%20%C4%90a%CC%82y%20Ro%CC%82%CC%80i/DHL-Group-v3/src/components/FacebookIdResolver.js is not specified and it doesn't parse as CommonJS.
# Reparsing as ES module because module syntax was detected. This incurs a performance overhead.
# To eliminate this warning, add "type": "module" to /Users/nguyenthanhhan/Documents/CODE/Diễn Châu À Đây Rồi/DHL-Group-v3/package.json.
# (Use `node --trace-warnings ...` to show where the warning was created)
# Subtest: manual fallback never hides manual copy and keeps ID readonly after resolve
ok 77 - manual fallback never hides manual copy and keeps ID readonly after resolve
  ---
  duration_ms: 1.348083
  type: 'test'
  ...
# Subtest: double-click sends one request and does not submit the form
ok 78 - double-click sends one request and does not submit the form
  ---
  duration_ms: 0.5955
  type: 'test'
  ...
# Subtest: failed request exposes retry state and keeps manual ID editable
ok 79 - failed request exposes retry state and keeps manual ID editable
  ---
  duration_ms: 0.422917
  type: 'test'
  ...
# Subtest: URL changed during a request is resolved after debounce and stale data cannot overwrite it
ok 80 - URL changed during a request is resolved after debounce and stale data cannot overwrite it
  ---
  duration_ms: 702.564125
  type: 'test'
  ...
# Subtest: rejects non-POST requests
ok 81 - rejects non-POST requests
  ---
  duration_ms: 0.621541
  type: 'test'
  ...
# Subtest: rejects invalid URL and non-Facebook domain
ok 82 - rejects invalid URL and non-Facebook domain
  ---
  duration_ms: 0.538334
  type: 'test'
  ...
# Subtest: rejects malformed JSON
ok 83 - rejects malformed JSON
  ---
  duration_ms: 0.590292
  type: 'test'
  ...
# Subtest: returns Facebook ID for a valid URL using form-urlencoded upstream body
ok 84 - returns Facebook ID for a valid URL using form-urlencoded upstream body
  ---
  duration_ms: 0.696541
  type: 'test'
  ...
# Subtest: handles an unresolved Facebook ID
ok 85 - handles an unresolved Facebook ID
  ---
  duration_ms: 0.356
  type: 'test'
  ...
# Subtest: handles upstream HTTP and invalid JSON errors
ok 86 - handles upstream HTTP and invalid JSON errors
  ---
  duration_ms: 0.239333
  type: 'test'
  ...
# Subtest: handles timeout without retrying
ok 87 - handles timeout without retrying
  ---
  duration_ms: 3.157458
  type: 'test'
  ...
# (node:28805) [MODULE_TYPELESS_PACKAGE_JSON] Warning: Module type of file:///Users/nguyenthanhhan/Documents/CODE/Die%CC%82%CC%83n%20Cha%CC%82u%20A%CC%80%20%C4%90a%CC%82y%20Ro%CC%82%CC%80i/DHL-Group-v3/src/utils/businessEventPresentation.js is not specified and it doesn't parse as CommonJS.
# Reparsing as ES module because module syntax was detected. This incurs a performance overhead.
# To eliminate this warning, add "type": "module" to /Users/nguyenthanhhan/Documents/CODE/Diễn Châu À Đây Rồi/DHL-Group-v3/package.json.
# (Use `node --trace-warnings ...` to show where the warning was created)
# Subtest: cancellation uses only known record identity and never turns a reason/audit ID into a profile ID
ok 88 - cancellation uses only known record identity and never turns a reason/audit ID into a profile ID
  ---
  duration_ms: 1.4875
  type: 'test'
  ...
# Subtest: payment correction preserves its known ID and labels its reason exactly once
ok 89 - payment correction preserves its known ID and labels its reason exactly once
  ---
  duration_ms: 0.110708
  type: 'test'
  ...
# Subtest: expense, website and Kiosk status sentences are grounded in audit snapshots
ok 90 - expense, website and Kiosk status sentences are grounded in audit snapshots
  ---
  duration_ms: 2.585792
  type: 'test'
  ...
# Subtest: success entries stay intact and technical/raw fallback values never become business content
ok 91 - success entries stay intact and technical/raw fallback values never become business content
  ---
  duration_ms: 0.269416
  type: 'test'
  ...
# Subtest: promotion search combines current statuses with code, title and description; keeps lifecycle boundaries
ok 92 - promotion search combines current statuses with code, title and description; keeps lifecycle boundaries
  ---
  duration_ms: 0.596167
  type: 'test'
  ...
# Subtest: footer resolves canonical URLs before choosing brand icons and removes duplicate destinations
ok 93 - footer resolves canonical URLs before choosing brand icons and removes duplicate destinations
  ---
  duration_ms: 0.44925
  type: 'test'
  ...
# Subtest: rendered filter markup uses one shared row, visible labels and collapsed advanced controls
ok 94 - rendered filter markup uses one shared row, visible labels and collapsed advanced controls
  ---
  duration_ms: 0.561
  type: 'test'
  ...
# Subtest: overview presents business KPIs while the notification RPC keeps request states separate
ok 95 - overview presents business KPIs while the notification RPC keeps request states separate
  ---
  duration_ms: 1.088625
  type: 'test'
  ...
# Subtest: Recent Activity consumes shared business events instead of inferring payment lifecycle again
ok 96 - Recent Activity consumes shared business events instead of inferring payment lifecycle again
  ---
  duration_ms: 0.124459
  type: 'test'
  ...
# Subtest: shared registration, renewal and legacy event types have semantic presentations
ok 97 - shared registration, renewal and legacy event types have semantic presentations
  ---
  duration_ms: 0.11075
  type: 'test'
  ...
# Subtest: notification badge counts only Admin-actionable review and reconciliation states
ok 98 - notification badge counts only Admin-actionable review and reconciliation states
  ---
  duration_ms: 0.060333
  type: 'test'
  ...
# Subtest: business log view uses business events by default and raw audit only in technical mode
ok 99 - business log view uses business events by default and raw audit only in technical mode
  ---
  duration_ms: 0.860292
  type: 'test'
  ...
# Subtest: brand, registration, compact badge, data-backed Home and TTC copy contracts are corrected
ok 100 - brand, registration, compact badge, data-backed Home and TTC copy contracts are corrected
  ---
  duration_ms: 0.403
  type: 'test'
  ...
# Subtest: Kiosk status is a compact fixed top-right grid item independent of title wrapping
ok 101 - Kiosk status is a compact fixed top-right grid item independent of title wrapping
  ---
  duration_ms: 0.787875
  type: 'test'
  ...
# Subtest: business visibility is applied before count, bounds, offset and limit
ok 102 - business visibility is applied before count, bounds, offset and limit
  ---
  duration_ms: 0.230667
  type: 'test'
  ...
# Subtest: technical mode and every filter are RPC inputs and page changes are clamped safely
ok 103 - technical mode and every filter are RPC inputs and page changes are clamped safely
  ---
  duration_ms: 1.036667
  type: 'test'
  ...
# Subtest: entity enrichment stays batched and technical details remain available
ok 104 - entity enrichment stays batched and technical details remain available
  ---
  duration_ms: 0.222709
  type: 'test'
  ...
# Subtest: desktop hierarchy and mobile activity cards avoid technical IDs in primary markup
ok 105 - desktop hierarchy and mobile activity cards avoid technical IDs in primary markup
  ---
  duration_ms: 0.361958
  type: 'test'
  ...
# Subtest: semantic theme tokens cover readable text, borders, notices, and statuses
ok 106 - semantic theme tokens cover readable text, borders, notices, and statuses
  ---
  duration_ms: 6.370125
  type: 'test'
  ...
# Subtest: theme architecture uses one token definition instead of light-only correction passes
ok 107 - theme architecture uses one token definition instead of light-only correction passes
  ---
  duration_ms: 2.920459
  type: 'test'
  ...
# Subtest: dashboard canvas resolves semantic theme colors and redraws after theme changes
ok 108 - dashboard canvas resolves semantic theme colors and redraws after theme changes
  ---
  duration_ms: 0.716584
  type: 'test'
  ...
# Subtest: detail headings, tabs, and information banners use semantic colors
ok 109 - detail headings, tabs, and information banners use semantic colors
  ---
  duration_ms: 1.746625
  type: 'test'
  ...
# Subtest: login is a username/password portal with restored self-registration
ok 110 - login is a username/password portal with restored self-registration
  ---
  duration_ms: 0.680541
  type: 'test'
  ...
# Subtest: mobile login places the auth form before the compact intro panel
ok 111 - mobile login places the auth form before the compact intro panel
  ---
  duration_ms: 2.162125
  type: 'test'
  ...
# Subtest: public renewal uses the canonical secret and application URL settings
ok 112 - public renewal uses the canonical secret and application URL settings
  ---
  duration_ms: 2.176
  type: 'test'
  ...
# Subtest: lookup always renders renewal entry point and blocks unavailable flows before PayOS
ok 113 - lookup always renders renewal entry point and blocks unavailable flows before PayOS
  ---
  duration_ms: 0.879208
  type: 'test'
  ...
# Subtest: only dhlThemePreference is used as a theme storage key
ok 114 - only dhlThemePreference is used as a theme storage key
  ---
  duration_ms: 2.861166
  type: 'test'
  ...
# (node:28809) [MODULE_TYPELESS_PACKAGE_JSON] Warning: Module type of file:///Users/nguyenthanhhan/Documents/CODE/Die%CC%82%CC%83n%20Cha%CC%82u%20A%CC%80%20%C4%90a%CC%82y%20Ro%CC%82%CC%80i/DHL-Group-v3/src/utils/formValidation.js is not specified and it doesn't parse as CommonJS.
# Reparsing as ES module because module syntax was detected. This incurs a performance overhead.
# To eliminate this warning, add "type": "module" to /Users/nguyenthanhhan/Documents/CODE/Diễn Châu À Đây Rồi/DHL-Group-v3/package.json.
# (Use `node --trace-warnings ...` to show where the warning was created)
# Subtest: validates Vietnamese-compatible phone input without exposing records
ok 115 - validates Vietnamese-compatible phone input without exposing records
  ---
  duration_ms: 0.446042
  type: 'test'
  ...
# Subtest: requires digit-only Facebook IDs and detects duplicates in one form
ok 116 - requires digit-only Facebook IDs and detects duplicates in one form
  ---
  duration_ms: 0.527208
  type: 'test'
  ...
# Subtest: validates real date-only values and date ranges can compare lexically
ok 117 - validates real date-only values and date ranges can compare lexically
  ---
  duration_ms: 0.154917
  type: 'test'
  ...
# Subtest: production build generates valid browser config from only public Supabase values
ok 118 - production build generates valid browser config from only public Supabase values
  ---
  duration_ms: 36.027417
  type: 'test'
  ...
# Subtest: production build fails clearly when required variables are missing
ok 119 - production build fails clearly when required variables are missing
  ---
  duration_ms: 32.541
  type: 'test'
  ...
# (node:28810) [MODULE_TYPELESS_PACKAGE_JSON] Warning: Module type of file:///Users/nguyenthanhhan/Documents/CODE/Die%CC%82%CC%83n%20Cha%CC%82u%20A%CC%80%20%C4%90a%CC%82y%20Ro%CC%82%CC%80i/DHL-Group-v3/src/supabase/client.js is not specified and it doesn't parse as CommonJS.
# Reparsing as ES module because module syntax was detected. This incurs a performance overhead.
# To eliminate this warning, add "type": "module" to /Users/nguyenthanhhan/Documents/CODE/Diễn Châu À Đây Rồi/DHL-Group-v3/package.json.
# (Use `node --trace-warnings ...` to show where the warning was created)
# Subtest: Supabase client reads generated config and local config keeps the same contract
ok 120 - Supabase client reads generated config and local config keeps the same contract
  ---
  duration_ms: 3.799959
  type: 'test'
  ...
# Subtest: authenticated chrome leaves the primary page title to PageHeader
ok 121 - authenticated chrome leaves the primary page title to PageHeader
  ---
  duration_ms: 3.596666
  type: 'test'
  ...
# Subtest: admin data status uses operational copy without vendor terminology
ok 122 - admin data status uses operational copy without vendor terminology
  ---
  duration_ms: 4.264333
  type: 'test'
  ...
# Subtest: active non-TTC page copy does not expose implementation wording
ok 123 - active non-TTC page copy does not expose implementation wording
  ---
  duration_ms: 11.3955
  type: 'test'
  ...
# (node:28813) [MODULE_TYPELESS_PACKAGE_JSON] Warning: Module type of file:///Users/nguyenthanhhan/Documents/CODE/Die%CC%82%CC%83n%20Cha%CC%82u%20A%CC%80%20%C4%90a%CC%82y%20Ro%CC%82%CC%80i/DHL-Group-v3/src/components/Pagination.js is not specified and it doesn't parse as CommonJS.
# Reparsing as ES module because module syntax was detected. This incurs a performance overhead.
# To eliminate this warning, add "type": "module" to /Users/nguyenthanhhan/Documents/CODE/Diễn Châu À Đây Rồi/DHL-Group-v3/package.json.
# (Use `node --trace-warnings ...` to show where the warning was created)
# Subtest: pagination uses compact ranges with ellipsis for many pages
ok 124 - pagination uses compact ranges with ellipsis for many pages
  ---
  duration_ms: 0.80825
  type: 'test'
  ...
# Subtest: pagination exposes active, disabled, result and page-size states
ok 125 - pagination exposes active, disabled, result and page-size states
  ---
  duration_ms: 0.196708
  type: 'test'
  ...
# Subtest: all server-paginated CRM routes use the shared component
ok 126 - all server-paginated CRM routes use the shared component
  ---
  duration_ms: 7.800625
  type: 'test'
  ...
# Subtest: shared spacing tokens and mobile pagination are defined
ok 127 - shared spacing tokens and mobile pagination are defined
  ---
  duration_ms: 1.452209
  type: 'test'
  ...
# (node:28814) [MODULE_TYPELESS_PACKAGE_JSON] Warning: Module type of file:///Users/nguyenthanhhan/Documents/CODE/Die%CC%82%CC%83n%20Cha%CC%82u%20A%CC%80%20%C4%90a%CC%82y%20Ro%CC%82%CC%80i/DHL-Group-v3/src/utils/auditLogPresentation.js is not specified and it doesn't parse as CommonJS.
# Reparsing as ES module because module syntax was detected. This incurs a performance overhead.
# To eliminate this warning, add "type": "module" to /Users/nguyenthanhhan/Documents/CODE/Diễn Châu À Đây Rồi/DHL-Group-v3/package.json.
# (Use `node --trace-warnings ...` to show where the warning was created)
# Subtest: case 450k/30-08 to 950k/30-12 is submitted as one in-place RPC correction
ok 128 - case 450k/30-08 to 950k/30-12 is submitted as one in-place RPC correction
  ---
  duration_ms: 4.992959
  type: 'test'
  ...
# Subtest: RPC is System Admin-only and rejects locked/web-disabled users through canonical access
ok 129 - RPC is System Admin-only and rejects locked/web-disabled users through canonical access
  ---
  duration_ms: 1.096875
  type: 'test'
  ...
# Subtest: RPC validates completed status, reason, amount, dates, months, and related records
ok 130 - RPC validates completed status, reason, amount, dates, months, and related records
  ---
  duration_ms: 2.960916
  type: 'test'
  ...
# Subtest: newer completed payment or batch period cannot be shortened by correcting an older payment
ok 131 - newer completed payment or batch period cannot be shortened by correcting an older payment
  ---
  duration_ms: 1.526375
  type: 'test'
  ...
# Subtest: payment totals and audit remain in the same database transaction
ok 132 - payment totals and audit remain in the same database transaction
  ---
  duration_ms: 1.199792
  type: 'test'
  ...
# Subtest: historical workflow guard permits only the four audited fields
ok 133 - historical workflow guard permits only the four audited fields
  ---
  duration_ms: 0.8405
  type: 'test'
  ...
# Subtest: frontend resolves System Admin authoritatively and renders a visible payment action
ok 134 - frontend resolves System Admin authoritatively and renders a visible payment action
  ---
  duration_ms: 3.884542
  type: 'test'
  ...
# Subtest: missing migration is surfaced as a clear form error instead of failing silently
ok 135 - missing migration is surfaced as a clear form error instead of failing silently
  ---
  duration_ms: 0.195375
  type: 'test'
  ...
# Subtest: payment editor keeps the requested field order and remains separate from Kiosk/customer forms
ok 136 - payment editor keeps the requested field order and remains separate from Kiosk/customer forms
  ---
  duration_ms: 1.420583
  type: 'test'
  ...
# Subtest: client validation rejects empty reason and invalid historical values
ok 137 - client validation rejects empty reason and invalid historical values
  ---
  duration_ms: 0.414291
  type: 'test'
  ...
# Subtest: audit presentation is business-readable and remains visible with technical mode off
ok 138 - audit presentation is business-readable and remains visible with technical mode off
  ---
  duration_ms: 9.262541
  type: 'test'
  ...
# Subtest: anonymous public homepage returns seeded safe content without authentication
ok 139 - anonymous public homepage returns seeded safe content without authentication
  ---
  duration_ms: 2448.34125
  type: 'test'
  ...
# Subtest: public businesses honor enabled, visibility window and display order
ok 140 - public businesses honor enabled, visibility window and display order
  ---
  duration_ms: 15.9015
  type: 'test'
  ...
# Subtest: System Admin and permitted editor can CRUD while normal user is denied
ok 141 - System Admin and permitted editor can CRUD while normal user is denied
  ---
  duration_ms: 18.015916
  type: 'test'
  ...
# Subtest: permitted editor can update Hero, rules and contact while public receives only whitelisted fields
ok 142 - permitted editor can update Hero, rules and contact while public receives only whitelisted fields
  ---
  duration_ms: 9.462417
  type: 'test'
  ...
# Subtest: anonymous callers cannot mutate homepage content
ok 143 - anonymous callers cannot mutate homepage content
  ---
  duration_ms: 2.682459
  type: 'test'
  ...
# Subtest: public homepage is an anonymous data-backed route with loading, empty and error states
ok 144 - public homepage is an anonymous data-backed route with loading, empty and error states
  ---
  duration_ms: 0.814375
  type: 'test'
  ...
# Subtest: hero, featured businesses and rules render in the body while official channels render in the shared footer
ok 145 - hero, featured businesses and rules render in the body while official channels render in the shared footer
  ---
  duration_ms: 0.321125
  type: 'test'
  ...
# Subtest: public layout preserves service routes while homepage body stays focused
ok 146 - public layout preserves service routes while homepage body stays focused
  ---
  duration_ms: 0.25575
  type: 'test'
  ...
# Subtest: Admin editor provides content controls and featured-business CRUD
ok 147 - Admin editor provides content controls and featured-business CRUD
  ---
  duration_ms: 0.23875
  type: 'test'
  ...
# Subtest: homepage permission protects route, rows and mutation RPCs
ok 148 - homepage permission protects route, rows and mutation RPCs
  ---
  duration_ms: 0.217542
  type: 'test'
  ...
# Subtest: homepage layout has desktop and mobile grids without fixed viewport width
ok 149 - homepage layout has desktop and mobile grids without fixed viewport width
  ---
  duration_ms: 0.537833
  type: 'test'
  ...
# (node:28817) [MODULE_TYPELESS_PACKAGE_JSON] Warning: Module type of file:///Users/nguyenthanhhan/Documents/CODE/Die%CC%82%CC%83n%20Cha%CC%82u%20A%CC%80%20%C4%90a%CC%82y%20Ro%CC%82%CC%80i/DHL-Group-v3/src/utils/icons.js is not specified and it doesn't parse as CommonJS.
# Reparsing as ES module because module syntax was detected. This incurs a performance overhead.
# To eliminate this warning, add "type": "module" to /Users/nguyenthanhhan/Documents/CODE/Diễn Châu À Đây Rồi/DHL-Group-v3/package.json.
# (Use `node --trace-warnings ...` to show where the warning was created)
# Subtest: renderIcon
    # Subtest: exports a function
    ok 1 - exports a function
      ---
      duration_ms: 1.080708
      type: 'test'
      ...
    # Subtest: returns non-empty string for known names
    ok 2 - returns non-empty string for known names
      ---
      duration_ms: 0.144916
      type: 'test'
      ...
    # Subtest: returns empty string for unknown names
    ok 3 - returns empty string for unknown names
      ---
      duration_ms: 0.045875
      type: 'test'
      ...
    # Subtest: every result contains an <svg> element
    ok 4 - every result contains an <svg> element
      ---
      duration_ms: 0.04875
      type: 'test'
      ...
    # Subtest: SVGs have aria-hidden="true"
    ok 5 - SVGs have aria-hidden="true"
      ---
      duration_ms: 0.042708
      type: 'test'
      ...
    # Subtest: SVGs have focusable="false"
    ok 6 - SVGs have focusable="false"
      ---
      duration_ms: 0.173625
      type: 'test'
      ...
    1..6
ok 150 - renderIcon
  ---
  duration_ms: 3.124417
  type: 'suite'
  ...
# Subtest: icons.js color hygiene
    # Subtest: contains no hardcoded fill or stroke color values
    ok 1 - contains no hardcoded fill or stroke color values
      ---
      duration_ms: 0.712583
      type: 'test'
      ...
    1..1
ok 151 - icons.js color hygiene
  ---
  duration_ms: 1.114709
  type: 'suite'
  ...
# Subtest: functional emoji removal
    # Subtest: no functional emoji in src/pages/DashboardPage.js
    ok 1 - no functional emoji in src/pages/DashboardPage.js
      ---
      duration_ms: 0.727542
      type: 'test'
      ...
    # Subtest: no functional emoji in src/pages/PaymentsPage.js
    ok 2 - no functional emoji in src/pages/PaymentsPage.js
      ---
      duration_ms: 0.537834
      type: 'test'
      ...
    # Subtest: no functional emoji in src/pages/ReportsPage.js
    ok 3 - no functional emoji in src/pages/ReportsPage.js
      ---
      duration_ms: 0.623208
      type: 'test'
      ...
    # Subtest: no functional emoji in src/components/RenewKioskForm.js
    ok 4 - no functional emoji in src/components/RenewKioskForm.js
      ---
      duration_ms: 0.220167
      type: 'test'
      ...
    # Subtest: no functional emoji in src/pages/LegacyRegistrationPage.js
    ok 5 - no functional emoji in src/pages/LegacyRegistrationPage.js
      ---
      duration_ms: 0.237584
      type: 'test'
      ...
    # Subtest: no functional emoji in src/layouts/AppLayout.js
    ok 6 - no functional emoji in src/layouts/AppLayout.js
      ---
      duration_ms: 0.169625
      type: 'test'
      ...
    # Subtest: no functional emoji in src/components/PublicLayout.js
    ok 7 - no functional emoji in src/components/PublicLayout.js
      ---
      duration_ms: 0.138208
      type: 'test'
      ...
    1..7
ok 152 - functional emoji removal
  ---
  duration_ms: 3.140084
  type: 'suite'
  ...
# Subtest: shared icon imports
    # Subtest: DashboardPage imports renderIcon from utils/icons
    ok 1 - DashboardPage imports renderIcon from utils/icons
      ---
      duration_ms: 0.268042
      type: 'test'
      ...
    # Subtest: PaymentsPage imports renderIcon from utils/icons
    ok 2 - PaymentsPage imports renderIcon from utils/icons
      ---
      duration_ms: 0.196333
      type: 'test'
      ...
    # Subtest: ReportsPage imports renderIcon from utils/icons
    ok 3 - ReportsPage imports renderIcon from utils/icons
      ---
      duration_ms: 0.65675
      type: 'test'
      ...
    # Subtest: RenewKioskForm imports renderIcon from utils/icons
    ok 4 - RenewKioskForm imports renderIcon from utils/icons
      ---
      duration_ms: 0.207583
      type: 'test'
      ...
    # Subtest: LegacyRegistrationPage imports renderIcon from utils/icons
    ok 5 - LegacyRegistrationPage imports renderIcon from utils/icons
      ---
      duration_ms: 0.195584
      type: 'test'
      ...
    # Subtest: AppLayout re-exports renderIcon from utils/icons
    ok 6 - AppLayout re-exports renderIcon from utils/icons
      ---
      duration_ms: 0.128625
      type: 'test'
      ...
    # Subtest: PublicLayout imports renderIcon from utils/icons
    ok 7 - PublicLayout imports renderIcon from utils/icons
      ---
      duration_ms: 0.098667
      type: 'test'
      ...
    # Subtest: UserHomePage imports renderIcon from utils/icons
    ok 8 - UserHomePage imports renderIcon from utils/icons
      ---
      duration_ms: 0.281167
      type: 'test'
      ...
    1..8
ok 153 - shared icon imports
  ---
  duration_ms: 2.219959
  type: 'suite'
  ...
# Subtest: modal close button
    # Subtest: AppLayout modal-close does not use bare ✕ character
    ok 1 - AppLayout modal-close does not use bare ✕ character
      ---
      duration_ms: 0.143167
      type: 'test'
      ...
    # Subtest: PublicLayout modal-close does not use bare ✕ character
    ok 2 - PublicLayout modal-close does not use bare ✕ character
      ---
      duration_ms: 0.205667
      type: 'test'
      ...
    1..2
ok 154 - modal close button
  ---
  duration_ms: 0.513917
  type: 'suite'
  ...
# Subtest: success state icons
    # Subtest: RenewKioskForm uses renderIcon for success icon
    ok 1 - RenewKioskForm uses renderIcon for success icon
      ---
      duration_ms: 0.16525
      type: 'test'
      ...
    # Subtest: LegacyRegistrationPage uses renderIcon for success icon
    ok 2 - LegacyRegistrationPage uses renderIcon for success icon
      ---
      duration_ms: 0.18875
      type: 'test'
      ...
    1..2
ok 155 - success state icons
  ---
  duration_ms: 0.426958
  type: 'suite'
  ...
# Subtest: no external icon dependencies
    # Subtest: package.json adds no icon library
    ok 1 - package.json adds no icon library
      ---
      duration_ms: 0.231208
      type: 'test'
      ...
    1..1
ok 156 - no external icon dependencies
  ---
  duration_ms: 0.284
  type: 'suite'
  ...
# Subtest: stat-icon CSS
    # Subtest: app.css .stat-icon uses width/height not font-size for sizing
    ok 1 - app.css .stat-icon uses width/height not font-size for sizing
      ---
      duration_ms: 0.675375
      type: 'test'
      ...
    1..1
ok 157 - stat-icon CSS
  ---
  duration_ms: 0.734
  type: 'suite'
  ...
# (node:28818) [MODULE_TYPELESS_PACKAGE_JSON] Warning: Module type of file:///Users/nguyenthanhhan/Documents/CODE/Die%CC%82%CC%83n%20Cha%CC%82u%20A%CC%80%20%C4%90a%CC%82y%20Ro%CC%82%CC%80i/DHL-Group-v3/src/config/organization.js is not specified and it doesn't parse as CommonJS.
# Reparsing as ES module because module syntax was detected. This incurs a performance overhead.
# To eliminate this warning, add "type": "module" to /Users/nguyenthanhhan/Documents/CODE/Diễn Châu À Đây Rồi/DHL-Group-v3/package.json.
# (Use `node --trace-warnings ...` to show where the warning was created)
# Subtest: kiosk list delegates warning and active sorting to the authoritative status RPC
ok 158 - kiosk list delegates warning and active sorting to the authoritative status RPC
  ---
  duration_ms: 0.858541
  type: 'test'
  ...
# Subtest: kiosk status filters use only the authoritative status RPC
ok 159 - kiosk status filters use only the authoritative status RPC
  ---
  duration_ms: 0.15625
  type: 'test'
  ...
# Subtest: customer kiosk-state filters use only the authoritative customer status RPC
ok 160 - customer kiosk-state filters use only the authoritative customer status RPC
  ---
  duration_ms: 0.117416
  type: 'test'
  ...
# Subtest: dashboard keeps the inclusive RPC expiry result instead of replacing it
ok 161 - dashboard keeps the inclusive RPC expiry result instead of replacing it
  ---
  duration_ms: 1.632125
  type: 'test'
  ...
# Subtest: kiosk reports use only the authoritative report RPC result
ok 162 - kiosk reports use only the authoritative report RPC result
  ---
  duration_ms: 0.442416
  type: 'test'
  ...
# Subtest: route initialization does not write textContent to the removed page-title element
ok 163 - route initialization does not write textContent to the removed page-title element
  ---
  duration_ms: 7.014541
  type: 'test'
  ...
# Subtest: login initialization helpers guard optional DOM targets before text updates
ok 164 - login initialization helpers guard optional DOM targets before text updates
  ---
  duration_ms: 1.168292
  type: 'test'
  ...
# Subtest: business log mode is off by default and technical hints only render when explicitly enabled
ok 165 - business log mode is off by default and technical hints only render when explicitly enabled
  ---
  duration_ms: 0.410875
  type: 'test'
  ...
# Subtest: four-column activity UI keeps business summary before collapsed raw technical data
ok 166 - four-column activity UI keeps business summary before collapsed raw technical data
  ---
  duration_ms: 1.542833
  type: 'test'
  ...
# (node:28822) [MODULE_TYPELESS_PACKAGE_JSON] Warning: Module type of file:///Users/nguyenthanhhan/Documents/CODE/Die%CC%82%CC%83n%20Cha%CC%82u%20A%CC%80%20%C4%90a%CC%82y%20Ro%CC%82%CC%80i/DHL-Group-v3/src/config/organization.js is not specified and it doesn't parse as CommonJS.
# Reparsing as ES module because module syntax was detected. This incurs a performance overhead.
# To eliminate this warning, add "type": "module" to /Users/nguyenthanhhan/Documents/CODE/Diễn Châu À Đây Rồi/DHL-Group-v3/package.json.
# (Use `node --trace-warnings ...` to show where the warning was created)
# Subtest: expiry warning days follows organization settings with a safe fallback
ok 167 - expiry warning days follows organization settings with a safe fallback
  ---
  duration_ms: 0.703583
  type: 'test'
  ...
# Subtest: expiry warning labels render from organization settings
ok 168 - expiry warning labels render from organization settings
  ---
  duration_ms: 0.365708
  type: 'test'
  ...
# Subtest: kiosk status label is derived from end date before stored status
ok 169 - kiosk status label is derived from end date before stored status
  ---
  duration_ms: 5.802333
  type: 'test'
  ...
# Subtest: inclusive expiry contract uses every boundary for warning_days = 5
ok 170 - inclusive expiry contract uses every boundary for warning_days = 5
  ---
  duration_ms: 0.883584
  type: 'test'
  ...
# Subtest: inclusive expiry contract uses every boundary for warning_days = 10
ok 171 - inclusive expiry contract uses every boundary for warning_days = 10
  ---
  duration_ms: 0.567875
  type: 'test'
  ...
# (node:28823) [MODULE_TYPELESS_PACKAGE_JSON] Warning: Module type of file:///Users/nguyenthanhhan/Documents/CODE/Die%CC%82%CC%83n%20Cha%CC%82u%20A%CC%80%20%C4%90a%CC%82y%20Ro%CC%82%CC%80i/DHL-Group-v3/src/components/PaymentExperience.js is not specified and it doesn't parse as CommonJS.
# Reparsing as ES module because module syntax was detected. This incurs a performance overhead.
# To eliminate this warning, add "type": "module" to /Users/nguyenthanhhan/Documents/CODE/Diễn Châu À Đây Rồi/DHL-Group-v3/package.json.
# (Use `node --trace-warnings ...` to show where the warning was created)
# Subtest: shared payment status system renders semantic states with inline SVG icons
ok 172 - shared payment status system renders semantic states with inline SVG icons
  ---
  duration_ms: 0.961917
  type: 'test'
  ...
# Subtest: payment summaries, kiosk rows, and actions escape customer-facing values
ok 173 - payment summaries, kiosk rows, and actions escape customer-facing values
  ---
  duration_ms: 12.900917
  type: 'test'
  ...
# Subtest: registration and renewal use the same payment component system for every result state
ok 174 - registration and renewal use the same payment component system for every result state
  ---
  duration_ms: 9.009416
  type: 'test'
  ...
# Subtest: registration has one deterministic business payment and duplicate requests are blocked
ok 175 - registration has one deterministic business payment and duplicate requests are blocked
  ---
  duration_ms: 13.31075
  type: 'test'
  ...
# Subtest: public renewal reuses one pending payment intent with a server-authoritative price
ok 176 - public renewal reuses one pending payment intent with a server-authoritative price
  ---
  duration_ms: 2.190958
  type: 'test'
  ...
# Subtest: one active PayOS order is enforced and replacement retains the business payment
ok 177 - one active PayOS order is enforced and replacement retains the business payment
  ---
  duration_ms: 0.649042
  type: 'test'
  ...
# Subtest: webhook finalization approves registration and closes sibling orders transactionally
ok 178 - webhook finalization approves registration and closes sibling orders transactionally
  ---
  duration_ms: 0.417125
  type: 'test'
  ...
# Subtest: duplicate and late old-order webhooks cannot apply service or revenue twice
ok 179 - duplicate and late old-order webhooks cannot apply service or revenue twice
  ---
  duration_ms: 0.730084
  type: 'test'
  ...
# Subtest: manual admin renewal stays PayOS-free while admin PayOS remains pending until webhook
ok 180 - manual admin renewal stays PayOS-free while admin PayOS remains pending until webhook
  ---
  duration_ms: 1.502333
  type: 'test'
  ...
# Subtest: checkout APIs reuse active orders and never trust return URL or polling to complete payment
ok 181 - checkout APIs reuse active orders and never trust return URL or polling to complete payment
  ---
  duration_ms: 1.181291
  type: 'test'
  ...
# Subtest: PayOS finalizer owns the single inclusive calendar calculation
ok 182 - PayOS finalizer owns the single inclusive calendar calculation
  ---
  duration_ms: 0.504166
  type: 'test'
  ...
# Subtest: registration requested period is inclusive and synchronized to completed payment
ok 183 - registration requested period is inclusive and synchronized to completed payment
  ---
  duration_ms: 0.65125
  type: 'test'
  ...
# Subtest: same paid order retry differs from late paid sibling reconciliation
ok 184 - same paid order retry differs from late paid sibling reconciliation
  ---
  duration_ms: 1.045042
  type: 'test'
  ...
# Subtest: public PayOS errors are sanitized and active checkout copy is friendly
ok 185 - public PayOS errors are sanitized and active checkout copy is friendly
  ---
  duration_ms: 1.552542
  type: 'test'
  ...
# Subtest: admin PayOS preparation reuses one pending business intent
ok 186 - admin PayOS preparation reuses one pending business intent
  ---
  duration_ms: 1.117083
  type: 'test'
  ...
# Subtest: unpaid registration is retained but absent from business Kiosk list and dashboard
ok 187 - unpaid registration is retained but absent from business Kiosk list and dashboard
  ---
  duration_ms: 2413.14875
  type: 'test'
  ...
# Subtest: cancelled registration is absent even though compatibility kiosk remains inactive
ok 188 - cancelled registration is absent even though compatibility kiosk remains inactive
  ---
  duration_ms: 17.247292
  type: 'test'
  ...
# Subtest: expired QR regeneration preserves request, Customer, Kiosks and business payment
ok 189 - expired QR regeneration preserves request, Customer, Kiosks and business payment
  ---
  duration_ms: 19.113625
  type: 'test'
  ...
# Subtest: duplicate webhook activates a batch and recognizes its money only once
ok 190 - duplicate webhook activates a batch and recognizes its money only once
  ---
  duration_ms: 19.339208
  type: 'test'
  ...
# Subtest: old expired QR can complete intent; money on new QR is retained without a second activation
ok 191 - old expired QR can complete intent; money on new QR is retained without a second activation
  ---
  duration_ms: 15.103083
  type: 'test'
  ...
# Subtest: wrong paymentLinkId fails safe and retains signed evidence
ok 192 - wrong paymentLinkId fails safe and retains signed evidence
  ---
  duration_ms: 7.772083
  type: 'test'
  ...
# Subtest: unpaid renewal and same-token retry keep expiry and one pending transaction
ok 193 - unpaid renewal and same-token retry keep expiry and one pending transaction
  ---
  duration_ms: 6.04525
  type: 'test'
  ...
# Subtest: paid renewal extends expiry once and editing an older paid note cannot replay its period
ok 194 - paid renewal extends expiry once and editing an older paid note cannot replay its period
  ---
  duration_ms: 7.698125
  type: 'test'
  ...
# Subtest: renewal uses the existing coupon engine and records usage exactly once
ok 195 - renewal uses the existing coupon engine and records usage exactly once
  ---
  duration_ms: 8.701334
  type: 'test'
  ...
# Subtest: bonus-month renewal extends service months without inflating money
ok 196 - bonus-month renewal extends service months without inflating money
  ---
  duration_ms: 7.192875
  type: 'test'
  ...
# Subtest: Vietnam month boundary: dashboard, report rows, summary and monthly chart agree
ok 197 - Vietnam month boundary: dashboard, report rows, summary and monthly chart agree
  ---
  duration_ms: 35.905584
  type: 'test'
  ...
# Subtest: one registration produces one default business event; technical audit remains available
ok 198 - one registration produces one default business event; technical audit remains available
  ---
  duration_ms: 8.292083
  type: 'test'
  ...
# Subtest: new QR wins, then old expired QR money is retained for review only
ok 199 - new QR wins, then old expired QR money is retained for review only
  ---
  duration_ms: 7.972
  type: 'test'
  ...
# Subtest: expired renewal wins once; new QR and extra bank reference cannot extend or count twice
ok 200 - expired renewal wins once; new QR and extra bank reference cannot extend or count twice
  ---
  duration_ms: 7.706208
  type: 'test'
  ...
# Subtest: manual coupon renewal uses the same evaluator and usage ledger
ok 201 - manual coupon renewal uses the same evaluator and usage ledger
  ---
  duration_ms: 7.007
  type: 'test'
  ...
# Subtest: checkout status sync never completes service and preserves late-payable mapping
ok 202 - checkout status sync never completes service and preserves late-payable mapping
  ---
  duration_ms: 11.824167
  type: 'test'
  ...
# Subtest: completed business payment remains paid even when its checkout UI expired
ok 203 - completed business payment remains paid even when its checkout UI expired
  ---
  duration_ms: 0.488541
  type: 'test'
  ...
# Subtest: a retained second transfer takes review priority over a paid display
ok 204 - a retained second transfer takes review priority over a paid display
  ---
  duration_ms: 0.060917
  type: 'test'
  ...
# Subtest: regeneration checks provider state and never cancels the old PayOS order
ok 205 - regeneration checks provider state and never cancels the old PayOS order
  ---
  duration_ms: 0.4115
  type: 'test'
  ...
# Subtest: registration creates checkout then redirects without inline payment presentation
ok 206 - registration creates checkout then redirects without inline payment presentation
  ---
  duration_ms: 5.268875
  type: 'test'
  ...
# Subtest: return hints never finalize and completed registration renders kiosk details
ok 207 - return hints never finalize and completed registration renders kiosk details
  ---
  duration_ms: 1.195458
  type: 'test'
  ...
# Subtest: public renewal redirects and polls read-only status for at most 30 seconds
ok 208 - public renewal redirects and polls read-only status for at most 30 seconds
  ---
  duration_ms: 1.812083
  type: 'test'
  ...
# Subtest: signed PayOS webhook probe order 123 is ignored before business RPC
ok 209 - signed PayOS webhook probe order 123 is ignored before business RPC
  ---
  duration_ms: 1.0555
  type: 'test'
  ...
# (node:28828) [MODULE_TYPELESS_PACKAGE_JSON] Warning: Module type of file:///Users/nguyenthanhhan/Documents/CODE/Die%CC%82%CC%83n%20Cha%CC%82u%20A%CC%80%20%C4%90a%CC%82y%20Ro%CC%82%CC%80i/DHL-Group-v3/src/components/PayosResultCard.js is not specified and it doesn't parse as CommonJS.
# Reparsing as ES module because module syntax was detected. This incurs a performance overhead.
# To eliminate this warning, add "type": "module" to /Users/nguyenthanhhan/Documents/CODE/Diễn Châu À Đây Rồi/DHL-Group-v3/package.json.
# (Use `node --trace-warnings ...` to show where the warning was created)
# Subtest: PayosResultCard exposes only checkout and optional link copy actions
ok 210 - PayosResultCard exposes only checkout and optional link copy actions
  ---
  duration_ms: 0.994791
  type: 'test'
  ...
# Subtest: authenticated CRM table access follows canonical per-user permission
ok 211 - authenticated CRM table access follows canonical per-user permission
  ---
  duration_ms: 2331.029791
  type: 'test'
  ...
# Subtest: legitimate service_role claim passes prepare renewal role guard
ok 212 - legitimate service_role claim passes prepare renewal role guard
  ---
  duration_ms: 8.729
  type: 'test'
  ...
# Subtest: prepare renewal remains executable only by service_role
ok 213 - prepare renewal remains executable only by service_role
  ---
  duration_ms: 1.448125
  type: 'test'
  ...
# Subtest: renewal authorization is consumed exactly once before payment creation
ok 214 - renewal authorization is consumed exactly once before payment creation
  ---
  duration_ms: 3.06375
  type: 'test'
  ...
# Subtest: price remains server authoritative and invalid prices are rejected
ok 215 - price remains server authoritative and invalid prices are rejected
  ---
  duration_ms: 1.480333
  type: 'test'
  ...
# Subtest: valid preparation creates the expected pending transfer payment and JSON contract
ok 216 - valid preparation creates the expected pending transfer payment and JSON contract
  ---
  duration_ms: 1.59675
  type: 'test'
  ...
# Subtest: prepare renewal errors do not log service credentials or secrets
ok 217 - prepare renewal errors do not log service credentials or secrets
  ---
  duration_ms: 1.101083
  type: 'test'
  ...
# Subtest: admin renewal migration uses type-safe inclusive calendar arithmetic
ok 218 - admin renewal migration uses type-safe inclusive calendar arithmetic
  ---
  duration_ms: 8.547083
  type: 'test'
  ...
# Subtest: PayOS creation paths send a 15-minute expiredAt independent of renewal token TTL
ok 219 - PayOS creation paths send a 15-minute expiredAt independent of renewal token TTL
  ---
  duration_ms: 9.209667
  type: 'test'
  ...
# Subtest: public renewal return polling is bounded and offers retry for terminal orders
ok 220 - public renewal return polling is bounded and offers retry for terminal orders
  ---
  duration_ms: 1.263833
  type: 'test'
  ...
# Subtest: semantic theme roles cover notices and Customer Detail headings
ok 221 - semantic theme roles cover notices and Customer Detail headings
  ---
  duration_ms: 2.323709
  type: 'test'
  ...
# Subtest: theme preference is shared and applied before the stylesheet loads
ok 222 - theme preference is shared and applied before the stylesheet loads
  ---
  duration_ms: 2.795916
  type: 'test'
  ...
# Subtest: production NUMERIC 2000.00 shape is accepted at the evaluator bigint boundary
ok 223 - production NUMERIC 2000.00 shape is accepted at the evaluator bigint boundary
  ---
  duration_ms: 1.208458
  type: 'test'
  ...
# Subtest: scaled-numeric correction replaces only the private evaluator contract
ok 224 - scaled-numeric correction replaces only the private evaluator contract
  ---
  duration_ms: 0.204208
  type: 'test'
  ...
# Subtest: Kiosk cards use the shared badge with a compact card-specific visual rule
ok 225 - Kiosk cards use the shared badge with a compact card-specific visual rule
  ---
  duration_ms: 1.522083
  type: 'test'
  ...
# Subtest: log names are batch-resolved and raw technical data remains expandable
ok 226 - log names are batch-resolved and raw technical data remains expandable
  ---
  duration_ms: 0.480792
  type: 'test'
  ...
# Subtest: CRM scope persistence is normalized and transactional
ok 227 - CRM scope persistence is normalized and transactional
  ---
  duration_ms: 0.671166
  type: 'test'
  ...
# Subtest: promotion audit actions are human-readable in the primary log view
ok 228 - promotion audit actions are human-readable in the primary log view
  ---
  duration_ms: 1.4465
  type: 'test'
  ...
# Subtest: zero payable is rejected server-side before PayOS creation
ok 229 - zero payable is rejected server-side before PayOS creation
  ---
  duration_ms: 0.593417
  type: 'test'
  ...
# Subtest: validity boundaries are inclusive and timestamps are authored in Vietnam time
ok 230 - validity boundaries are inclusive and timestamps are authored in Vietnam time
  ---
  duration_ms: 0.610583
  type: 'test'
  ...
# Subtest: security grants deny anon and gate CRM mutations by authoritative role
ok 231 - security grants deny anon and gate CRM mutations by authoritative role
  ---
  duration_ms: 0.257208
  type: 'test'
  ...
# Subtest: reference calculations cover percentage, fixed, bonus and mixed eligibility
ok 232 - reference calculations cover percentage, fixed, bonus and mixed eligibility
  ---
  duration_ms: 0.174708
  type: 'test'
  ...
# Subtest: promotion schema preserves normalized configuration and immutable usage snapshots
ok 233 - promotion schema preserves normalized configuration and immutable usage snapshots
  ---
  duration_ms: 0.752833
  type: 'test'
  ...
# Subtest: authoritative engine supports all V1 types, scopes and deterministic integer rounding
ok 234 - authoritative engine supports all V1 types, scopes and deterministic integer rounding
  ---
  duration_ms: 0.39125
  type: 'test'
  ...
# Subtest: promotion engine is called through the unique current checkout RPC
ok 235 - promotion engine is called through the unique current checkout RPC
  ---
  duration_ms: 0.558875
  type: 'test'
  ...
# Subtest: successful webhook finalizes one usage transaction-safely and bonus months remain separate
ok 236 - successful webhook finalizes one usage transaction-safely and bonus months remain separate
  ---
  duration_ms: 0.835667
  type: 'test'
  ...
# Subtest: public UI previews and submits optional promotion codes
ok 237 - public UI previews and submits optional promotion codes
  ---
  duration_ms: 0.591667
  type: 'test'
  ...
# Subtest: promotion value label, placeholder, suffix and helper are dynamic
ok 238 - promotion value label, placeholder, suffix and helper are dynamic
  ---
  duration_ms: 0.464125
  type: 'test'
  ...
# Subtest: all applicable promotion inputs use meaningful examples
ok 239 - all applicable promotion inputs use meaningful examples
  ---
  duration_ms: 0.1525
  type: 'test'
  ...
# Subtest: integer inputs and friendly validation preserve payload semantics
ok 240 - integer inputs and friendly validation preserve payload semantics
  ---
  duration_ms: 0.089292
  type: 'test'
  ...
# Subtest: Promotion RLS uses a narrow definer helper instead of caller access to user_roles
ok 241 - Promotion RLS uses a narrow definer helper instead of caller access to user_roles
  ---
  duration_ms: 1.161291
  type: 'test'
  ...
# Subtest: all Promotion Admin policies use the helper and no policy queries user_roles directly
ok 242 - all Promotion Admin policies use the helper and no policy queries user_roles directly
  ---
  duration_ms: 0.456083
  type: 'test'
  ...
# Subtest: Admin can read and pause while ordinary authenticated and anon users remain denied by RLS
ok 243 - Admin can read and pause while ordinary authenticated and anon users remain denied by RLS
  ---
  duration_ms: 0.7345
  type: 'test'
  ...
# Subtest: helper execution and save RPC remain restricted correctly
ok 244 - helper execution and save RPC remain restricted correctly
  ---
  duration_ms: 0.277708
  type: 'test'
  ...
# Subtest: safe delete RPC is admin-only and cannot be replaced by table DELETE
ok 245 - safe delete RPC is admin-only and cannot be replaced by table DELETE
  ---
  duration_ms: 0.529583
  type: 'test'
  ...
# Subtest: safe delete blocks every promotion usage, batch snapshot and completed payment reference
ok 246 - safe delete blocks every promotion usage, batch snapshot and completed payment reference
  ---
  duration_ms: 0.120291
  type: 'test'
  ...
# Subtest: Promotion Admin exposes branded confirmation and server-authoritative failure copy
ok 247 - Promotion Admin exposes branded confirmation and server-authoritative failure copy
  ---
  duration_ms: 0.110125
  type: 'test'
  ...
# Subtest: redesigned Promotion form keeps five sections, compact scope chips and immutable code affordance
ok 248 - redesigned Promotion form keeps five sections, compact scope chips and immutable code affordance
  ---
  duration_ms: 0.0845
  type: 'test'
  ...
# Subtest: promotion save corrective migration replaces only the affected RPC
ok 249 - promotion save corrective migration replaces only the affected RPC
  ---
  duration_ms: 0.457084
  type: 'test'
  ...
# Subtest: promotion save scope IDs are explicitly qualified
ok 250 - promotion save scope IDs are explicitly qualified
  ---
  duration_ms: 0.105584
  type: 'test'
  ...
# Subtest: affected RPC contains no known unqualified ambiguous references
ok 251 - affected RPC contains no known unqualified ambiguous references
  ---
  duration_ms: 0.219625
  type: 'test'
  ...
# Subtest: corrective RPC preserves authorization and execute grants
ok 252 - corrective RPC preserves authorization and execute grants
  ---
  duration_ms: 0.251375
  type: 'test'
  ...
# Public renewal unavailable: MISSING_RENEWAL_SECRET
# Subtest: ordinary lookup succeeds when public renewal secret is absent
ok 253 - ordinary lookup succeeds when public renewal secret is absent
  ---
  duration_ms: 14.883291
  type: 'test'
  ...
# Subtest: lookup diagnostics expose only a safe category when renewal prerequisites fail
ok 254 - lookup diagnostics expose only a safe category when renewal prerequisites fail
  ---
  duration_ms: 3.663667
  type: 'test'
  ...
# Subtest: lookup exposes renewal only when a valid server secret can issue authorization
ok 255 - lookup exposes renewal only when a valid server secret can issue authorization
  ---
  duration_ms: 1.630792
  type: 'test'
  ...
# (node:28841) [MODULE_TYPELESS_PACKAGE_JSON] Warning: Module type of file:///Users/nguyenthanhhan/Documents/CODE/Die%CC%82%CC%83n%20Cha%CC%82u%20A%CC%80%20%C4%90a%CC%82y%20Ro%CC%82%CC%80i/DHL-Group-v3/src/constants/permissions.js is not specified and it doesn't parse as CommonJS.
# Reparsing as ES module because module syntax was detected. This incurs a performance overhead.
# To eliminate this warning, add "type": "module" to /Users/nguyenthanhhan/Documents/CODE/Diễn Châu À Đây Rồi/DHL-Group-v3/package.json.
# (Use `node --trace-warnings ...` to show where the warning was created)
# Subtest: public Kiosk registration exposes exactly three requested steps
ok 256 - public Kiosk registration exposes exactly three requested steps
  ---
  duration_ms: 0.74525
  type: 'test'
  ...
# Subtest: step-three payment and regenerated checkout redirect directly to PayOS
ok 257 - step-three payment and regenerated checkout redirect directly to PayOS
  ---
  duration_ms: 1.96825
  type: 'test'
  ...
# Subtest: registration protects submit re-entry and preserves reusable checkout state
ok 258 - registration protects submit re-entry and preserves reusable checkout state
  ---
  duration_ms: 2.538416
  type: 'test'
  ...
# Subtest: promotion and late-payment guidance remain present in the direct checkout flow
ok 259 - promotion and late-payment guidance remain present in the direct checkout flow
  ---
  duration_ms: 2.299083
  type: 'test'
  ...
# Subtest: registration stepper stays aligned across desktop and mobile rules
ok 260 - registration stepper stays aligned across desktop and mobile rules
  ---
  duration_ms: 1.486167
  type: 'test'
  ...
# Subtest: self-registration form uses username/password and does not require email
ok 261 - self-registration form uses username/password and does not require email
  ---
  duration_ms: 0.177875
  type: 'test'
  ...
# Subtest: normal users see personal routes only, granted users gain their module, and System Admin sees all
ok 262 - normal users see personal routes only, granted users gain their module, and System Admin sees all
  ---
  duration_ms: 0.182292
  type: 'test'
  ...
# Subtest: CRM Data API policies remove authenticated-wide access and use canonical permissions
ok 263 - CRM Data API policies remove authenticated-wide access and use canonical permissions
  ---
  duration_ms: 0.728167
  type: 'test'
  ...
# Subtest: Promotion Engine batch columns are populated before their NOT NULL constraints
ok 264 - Promotion Engine batch columns are populated before their NOT NULL constraints
  ---
  duration_ms: 3.045583
  type: 'test'
  ...
# Subtest: migration uses explicit function bodies and no definition text rewriting
ok 265 - migration uses explicit function bodies and no definition text rewriting
  ---
  duration_ms: 2.102166
  type: 'test'
  ...
# Subtest: private base preserves the authoritative batch contract and public wrapper topology
ok 266 - private base preserves the authoritative batch contract and public wrapper topology
  ---
  duration_ms: 1.350042
  type: 'test'
  ...
# Subtest: public PayOS requests use a separate waiting-for-payment state
ok 267 - public PayOS requests use a separate waiting-for-payment state
  ---
  duration_ms: 0.746583
  type: 'test'
  ...
# Subtest: Admin queue exposes awaiting-payment separately from Admin-review pending
ok 268 - Admin queue exposes awaiting-payment separately from Admin-review pending
  ---
  duration_ms: 8.720417
  type: 'test'
  ...
# Subtest: identical retry reuses request, batch, payment, and active provider order
ok 269 - identical retry reuses request, batch, payment, and active provider order
  ---
  duration_ms: 0.179084
  type: 'test'
  ...
# Subtest: failed provider creation releases only an unpaid empty reservation
ok 270 - failed provider creation releases only an unpaid empty reservation
  ---
  duration_ms: 0.16775
  type: 'test'
  ...
# Subtest: safe server diagnostics expose every registration payment stage
ok 271 - safe server diagnostics expose every registration payment stage
  ---
  duration_ms: 0.121291
  type: 'test'
  ...
# Subtest: legacy registrations keep explicit Admin review semantics
ok 272 - legacy registrations keep explicit Admin review semantics
  ---
  duration_ms: 0.248834
  type: 'test'
  ...
# Subtest: stabilization exposes one unique two-argument service-role RPC
ok 273 - stabilization exposes one unique two-argument service-role RPC
  ---
  duration_ms: 0.883458
  type: 'test'
  ...
# Subtest: browser and Node checkout pass optional promotion explicitly to v3
ok 274 - browser and Node checkout pass optional promotion explicitly to v3
  ---
  duration_ms: 0.167583
  type: 'test'
  ...
# Subtest: single and multi-Kiosk totals remain authoritative with one payment
ok 275 - single and multi-Kiosk totals remain authoritative with one payment
  ---
  duration_ms: 0.070959
  type: 'test'
  ...
# Subtest: current Promotion Engine NOT NULL columns receive neutral values
ok 276 - current Promotion Engine NOT NULL columns receive neutral values
  ---
  duration_ms: 0.121833
  type: 'test'
  ...
# Subtest: retry reuses request ownership, batch, payment, Kiosk and active provider order
ok 277 - retry reuses request ownership, batch, payment, Kiosk and active provider order
  ---
  duration_ms: 1.492125
  type: 'test'
  ...
# Subtest: awaiting-payment is visible but remains separate from Admin review
ok 278 - awaiting-payment is visible but remains separate from Admin review
  ---
  duration_ms: 0.366333
  type: 'test'
  ...
# Subtest: signed webhook remains the only completion path and is idempotent
ok 279 - signed webhook remains the only completion path and is idempotent
  ---
  duration_ms: 0.349
  type: 'test'
  ...
# Subtest: forward-only migration does not rewrite functions dynamically or touch history
ok 280 - forward-only migration does not rewrite functions dynamically or touch history
  ---
  duration_ms: 0.380084
  type: 'test'
  ...
# (node:28844) [MODULE_TYPELESS_PACKAGE_JSON] Warning: Module type of file:///Users/nguyenthanhhan/Documents/CODE/Die%CC%82%CC%83n%20Cha%CC%82u%20A%CC%80%20%C4%90a%CC%82y%20Ro%CC%82%CC%80i/DHL-Group-v3/src/services/RegistrationService.js is not specified and it doesn't parse as CommonJS.
# Reparsing as ES module because module syntax was detected. This incurs a performance overhead.
# To eliminate this warning, add "type": "module" to /Users/nguyenthanhhan/Documents/CODE/Diễn Châu À Đây Rồi/DHL-Group-v3/package.json.
# (Use `node --trace-warnings ...` to show where the warning was created)
# Subtest: business discovery is accent and case insensitive
ok 281 - business discovery is accent and case insensitive
  ---
  duration_ms: 1.319958
  type: 'test'
  ...
# Subtest: business discovery matches type, category, and description while preserving their IDs
ok 282 - business discovery matches type, category, and description while preserving their IDs
  ---
  duration_ms: 0.929791
  type: 'test'
  ...
# Subtest: registration V2 keeps category and business type separate and preserves production integrations
ok 283 - registration V2 keeps category and business type separate and preserves production integrations
  ---
  duration_ms: 4.420625
  type: 'test'
  ...
# Subtest: arbitrary registration months preserve the existing pricing calculation
ok 284 - arbitrary registration months preserve the existing pricing calculation
  ---
  duration_ms: 1.550167
  type: 'test'
  ...
# Subtest: single Kiosk reuses the Step 1 Facebook identity without rendering a second resolver
ok 285 - single Kiosk reuses the Step 1 Facebook identity without rendering a second resolver
  ---
  duration_ms: 1.995
  type: 'test'
  ...
# Subtest: multi Kiosk first card can switch between customer and independent Facebook
ok 286 - multi Kiosk first card can switch between customer and independent Facebook
  ---
  duration_ms: 0.654875
  type: 'test'
  ...
# Subtest: resolver success explicitly clears stale name and ID validity state
ok 287 - resolver success explicitly clears stale name and ID validity state
  ---
  duration_ms: 0.848792
  type: 'test'
  ...
# Subtest: discount checkout previews optional promotion while submitted kiosk discounts remain zero
ok 288 - discount checkout previews optional promotion while submitted kiosk discounts remain zero
  ---
  duration_ms: 0.709959
  type: 'test'
  ...
# Subtest: active Kiosk shows the renewal button and receives secure authorization
ok 289 - active Kiosk shows the renewal button and receives secure authorization
  ---
  duration_ms: 15.552542
  type: 'test'
  ...
# Subtest: warning Kiosk shows the renewal button and receives secure authorization
ok 290 - warning Kiosk shows the renewal button and receives secure authorization
  ---
  duration_ms: 0.618042
  type: 'test'
  ...
# Subtest: expired Kiosk shows the renewal button and receives secure authorization
ok 291 - expired Kiosk shows the renewal button and receives secure authorization
  ---
  duration_ms: 0.413334
  type: 'test'
  ...
# Subtest: pending Kiosk shows the button without creating renewal authorization
ok 292 - pending Kiosk shows the button without creating renewal authorization
  ---
  duration_ms: 0.230959
  type: 'test'
  ...
# Subtest: invalid price 0 shows the button without creating authorization or payment
ok 293 - invalid price 0 shows the button without creating authorization or payment
  ---
  duration_ms: 0.284416
  type: 'test'
  ...
# Subtest: invalid price null shows the button without creating authorization or payment
ok 294 - invalid price null shows the button without creating authorization or payment
  ---
  duration_ms: 0.311042
  type: 'test'
  ...
# Subtest: invalid price not-a-price shows the button without creating authorization or payment
ok 295 - invalid price not-a-price shows the button without creating authorization or payment
  ---
  duration_ms: 1.558625
  type: 'test'
  ...
# (node:28846) [MODULE_TYPELESS_PACKAGE_JSON] Warning: Module type of file:///Users/nguyenthanhhan/Documents/CODE/Die%CC%82%CC%83n%20Cha%CC%82u%20A%CC%80%20%C4%90a%CC%82y%20Ro%CC%82%CC%80i/DHL-Group-v3/src/pages/LookupPage.js is not specified and it doesn't parse as CommonJS.
# Reparsing as ES module because module syntax was detected. This incurs a performance overhead.
# To eliminate this warning, add "type": "module" to /Users/nguyenthanhhan/Documents/CODE/Diễn Châu À Đây Rồi/DHL-Group-v3/package.json.
# (Use `node --trace-warnings ...` to show where the warning was created)
# Subtest: public renewal confirmation shows authoritative price, periods, and checkout action
ok 296 - public renewal confirmation shows authoritative price, periods, and checkout action
  ---
  duration_ms: 12.478167
  type: 'test'
  ...
# Subtest: legacy renewal payment renderer contains no inline QR or transfer data
ok 297 - legacy renewal payment renderer contains no inline QR or transfer data
  ---
  duration_ms: 0.179666
  type: 'test'
  ...
# Subtest: public renewal redirects and return handling polls only the read-only endpoint
ok 298 - public renewal redirects and return handling polls only the read-only endpoint
  ---
  duration_ms: 3.534042
  type: 'test'
  ...
# Subtest: public renewal period preserves remaining time and inclusive calendar months
ok 299 - public renewal period preserves remaining time and inclusive calendar months
  ---
  duration_ms: 2.627208
  type: 'test'
  ...
# Subtest: renewal authorization uses canonical verified JWT role claim
ok 300 - renewal authorization uses canonical verified JWT role claim
  ---
  duration_ms: 5.743875
  type: 'test'
  ...
# Subtest: anon and authenticated cannot execute while service_role can
ok 301 - anon and authenticated cannot execute while service_role can
  ---
  duration_ms: 1.852167
  type: 'test'
  ...
# Subtest: renewal authorization expiry remains bounded to 15 minutes
ok 302 - renewal authorization expiry remains bounded to 15 minutes
  ---
  duration_ms: 0.906834
  type: 'test'
  ...
# Subtest: server RPC helper selects the service credential for renewal authorization
ok 303 - server RPC helper selects the service credential for renewal authorization
  ---
  duration_ms: 0.815375
  type: 'test'
  ...
# Subtest: safe RPC diagnostics preserve useful fields and redact secrets
ok 304 - safe RPC diagnostics preserve useful fields and redact secrets
  ---
  duration_ms: 4.532667
  type: 'test'
  ...
# Subtest: signed renewal token is short lived and guessed ID is rejected
ok 305 - signed renewal token is short lived and guessed ID is rejected
  ---
  duration_ms: 2.531667
  type: 'test'
  ...
# Subtest: expired renewal token is rejected
ok 306 - expired renewal token is rejected
  ---
  duration_ms: 1.064
  type: 'test'
  ...
# Subtest: token for Kiosk A cannot authorize Kiosk B
ok 307 - token for Kiosk A cannot authorize Kiosk B
  ---
  duration_ms: 0.549667
  type: 'test'
  ...
# Subtest: client price is ignored and current server price is authoritative
ok 308 - client price is ignored and current server price is authoritative
  ---
  duration_ms: 6.606375
  type: 'test'
  ...
# Subtest: renewal authorization is consumed once before payment preparation
ok 309 - renewal authorization is consumed once before payment preparation
  ---
  duration_ms: 0.829583
  type: 'test'
  ...
# Subtest: only signed webhook can complete and retries are idempotent
ok 310 - only signed webhook can complete and retries are idempotent
  ---
  duration_ms: 3.726375
  type: 'test'
  ...
# Subtest: public status and return URL cannot complete a renewal
ok 311 - public status and return URL cannot complete a renewal
  ---
  duration_ms: 6.542917
  type: 'test'
  ...
# Subtest: shared PayOS status polling is read-only and requires authoritative payment completion
ok 312 - shared PayOS status polling is read-only and requires authoritative payment completion
  ---
  duration_ms: 2.015666
  type: 'test'
  ...
# Subtest: webhook diagnostics expose lifecycle names but not secrets or payloads
ok 313 - webhook diagnostics expose lifecycle names but not secrets or payloads
  ---
  duration_ms: 3.318083
  type: 'test'
  ...
# Subtest: PayOS confirmation preserves remaining time for active and warning Kiosks
ok 314 - PayOS confirmation preserves remaining time for active and warning Kiosks
  ---
  duration_ms: 1.094625
  type: 'test'
  ...
# Subtest: Facebook help uses a dedicated responsive modal and readable step hierarchy
ok 315 - Facebook help uses a dedicated responsive modal and readable step hierarchy
  ---
  duration_ms: 8.024208
  type: 'test'
  ...
# Subtest: public checkbox and radio labels distinguish checked, unchecked and disabled states
ok 316 - public checkbox and radio labels distinguish checked, unchecked and disabled states
  ---
  duration_ms: 2.935583
  type: 'test'
  ...
# Subtest: public polish leaves resolver and PayOS contracts untouched
ok 317 - public polish leaves resolver and PayOS contracts untouched
  ---
  duration_ms: 1.893666
  type: 'test'
  ...
# Subtest: public header and home use the shared SVG icon system without emoji controls
ok 318 - public header and home use the shared SVG icon system without emoji controls
  ---
  duration_ms: 0.727625
  type: 'test'
  ...
# Subtest: registration retains three focused steps and concise classification confirmation
ok 319 - registration retains three focused steps and concise classification confirmation
  ---
  duration_ms: 0.267125
  type: 'test'
  ...
# Subtest: promotion checkout exposes accessible preview, money discount and bonus-month states
ok 320 - promotion checkout exposes accessible preview, money discount and bonus-month states
  ---
  duration_ms: 0.140667
  type: 'test'
  ...
# Subtest: business discovery removes repeated taxonomy and keeps search-first fallback
ok 321 - business discovery removes repeated taxonomy and keeps search-first fallback
  ---
  duration_ms: 0.104625
  type: 'test'
  ...
# Subtest: legacy, lookup, payment and mobile contracts share V3 responsive primitives
ok 322 - legacy, lookup, payment and mobile contracts share V3 responsive primitives
  ---
  duration_ms: 0.261625
  type: 'test'
  ...
# Subtest: QR display expiry remains separate from registration/payment business intent
ok 323 - QR display expiry remains separate from registration/payment business intent
  ---
  duration_ms: 1.127625
  type: 'test'
  ...
# Subtest: future cancellation archives only transaction-proven provisional customers
ok 324 - future cancellation archives only transaction-proven provisional customers
  ---
  duration_ms: 0.139667
  type: 'test'
  ...
# Subtest: Dashboard and Logs consume one permission-checked business event RPC
ok 325 - Dashboard and Logs consume one permission-checked business event RPC
  ---
  duration_ms: 0.183208
  type: 'test'
  ...
# Subtest: financial KPI query and labels use runtime Vietnam year and month
ok 326 - financial KPI query and labels use runtime Vietnam year and month
  ---
  duration_ms: 0.093792
  type: 'test'
  ...
# Subtest: module permission guards protect reports, logs, payments, registration and storage
ok 327 - module permission guards protect reports, logs, payments, registration and storage
  ---
  duration_ms: 0.602166
  type: 'test'
  ...
# Subtest: homepage body is focused and Hero/Footer share the public content object
ok 328 - homepage body is focused and Hero/Footer share the public content object
  ---
  duration_ms: 0.275208
  type: 'test'
  ...
# Subtest: account self-registration requires only username and password
ok 329 - account self-registration requires only username and password
  ---
  duration_ms: 0.373375
  type: 'test'
  ...
# Subtest: QA migrations execute and registration RPCs use the unified module permission
ok 330 - QA migrations execute and registration RPCs use the unified module permission
  ---
  duration_ms: 2144.761958
  type: 'test'
  ...
# Subtest: Round 2 migrations execute and enforce status, expense category and journal boundaries
ok 331 - Round 2 migrations execute and enforce status, expense category and journal boundaries
  ---
  duration_ms: 2179.180166
  type: 'test'
  ...
# Subtest: status read models use only the narrow warning-days helper and retain private settings
ok 332 - status read models use only the narrow warning-days helper and retain private settings
  ---
  duration_ms: 0.978708
  type: 'test'
  ...
# Subtest: Kiosk list exposes only real business states with required semantics and sorting
ok 333 - Kiosk list exposes only real business states with required semantics and sorting
  ---
  duration_ms: 0.400167
  type: 'test'
  ...
# Subtest: admin history screens use runtime Vietnam year-to-date values and shared date fields
ok 334 - admin history screens use runtime Vietnam year-to-date values and shared date fields
  ---
  duration_ms: 0.206
  type: 'test'
  ...
# Subtest: Expense workspace uses one date range for expense, revenue and net profit
ok 335 - Expense workspace uses one date range for expense, revenue and net profit
  ---
  duration_ms: 0.13375
  type: 'test'
  ...
# Subtest: managed expense categories support create rename archive and preserve historical FK rows
ok 336 - managed expense categories support create rename archive and preserve historical FK rows
  ---
  duration_ms: 0.296084
  type: 'test'
  ...
# Subtest: default Business Logs exclude mirrored audit rows while technical history remains available
ok 337 - default Business Logs exclude mirrored audit rows while technical history remains available
  ---
  duration_ms: 0.222125
  type: 'test'
  ...
# Subtest: Settings is the single sidebar workspace and reuses the canonical Homepage editor
ok 338 - Settings is the single sidebar workspace and reuses the canonical Homepage editor
  ---
  duration_ms: 0.384625
  type: 'test'
  ...
# Subtest: public footer uses local branded assets, removes duplicate destinations and has compact empty UI
ok 339 - public footer uses local branded assets, removes duplicate destinations and has compact empty UI
  ---
  duration_ms: 0.246
  type: 'test'
  ...
# Subtest: legitimate service_role claim passes PayOS order recording guard
ok 340 - legitimate service_role claim passes PayOS order recording guard
  ---
  duration_ms: 3.060833
  type: 'test'
  ...
# Subtest: PayOS order recording remains executable only by service_role
ok 341 - PayOS order recording remains executable only by service_role
  ---
  duration_ms: 0.713334
  type: 'test'
  ...
# Subtest: only pending public renewal payment can be recorded
ok 342 - only pending public renewal payment can be recorded
  ---
  duration_ms: 0.451166
  type: 'test'
  ...
# Subtest: wrong amount and non-public-renewal payment are rejected
ok 343 - wrong amount and non-public-renewal payment are rejected
  ---
  duration_ms: 0.347209
  type: 'test'
  ...
# Subtest: PayOS record preserves provider fields, pending upsert, and JSON response
ok 344 - PayOS record preserves provider fields, pending upsert, and JSON response
  ---
  duration_ms: 0.686041
  type: 'test'
  ...
# Subtest: recording path does not log service credentials or renewal secrets
ok 345 - recording path does not log service credentials or renewal secrets
  ---
  duration_ms: 0.298666
  type: 'test'
  ...
# Subtest: latest application-owned public renewal RPC definitions use no legacy singular role setting
ok 346 - latest application-owned public renewal RPC definitions use no legacy singular role setting
  ---
  duration_ms: 51.715792
  type: 'test'
  ...
# Subtest: reproduces SQLSTATE 42883 source and hotfixes every affected batch function
ok 347 - reproduces SQLSTATE 42883 source and hotfixes every affected batch function
  ---
  duration_ms: 4.848084
  type: 'test'
  ...
# Subtest: registration API preserves safe PostgreSQL code, message, details, and hint diagnostics
ok 348 - registration API preserves safe PostgreSQL code, message, details, and hint diagnostics
  ---
  duration_ms: 2.646042
  type: 'test'
  ...
# Subtest: failure remains before every PayOS network request and batch ownership is unchanged
ok 349 - failure remains before every PayOS network request and batch ownership is unchanged
  ---
  duration_ms: 1.088375
  type: 'test'
  ...
# Subtest: registration batches cannot run legacy or modern single-kiosk period logic
ok 350 - registration batches cannot run legacy or modern single-kiosk period logic
  ---
  duration_ms: 3.544542
  type: 'test'
  ...
# Subtest: batch kiosk totals use item allocations while customer revenue keeps one payment
ok 351 - batch kiosk totals use item allocations while customer revenue keeps one payment
  ---
  duration_ms: 2.221583
  type: 'test'
  ...
# Subtest: ordinary payments and renewals retain single-kiosk totals and dates
ok 352 - ordinary payments and renewals retain single-kiosk totals and dates
  ---
  duration_ms: 1.627667
  type: 'test'
  ...
# Subtest: batch finalizer remains sole owner of every kiosk and item date
ok 353 - batch finalizer remains sole owner of every kiosk and item date
  ---
  duration_ms: 2.913667
  type: 'test'
  ...
# Subtest: registration lookup navigation clears PayOS return state and can prefill phone
ok 354 - registration lookup navigation clears PayOS return state and can prefill phone
  ---
  duration_ms: 1.728083
  type: 'test'
  ...
# Subtest: only a stored public-renewal flow can activate renewal return mode
ok 355 - only a stored public-renewal flow can activate renewal return mode
  ---
  duration_ms: 1.484542
  type: 'test'
  ...
# Subtest: single and multi-Kiosk registration use the same one-batch one-payment architecture
ok 356 - single and multi-Kiosk registration use the same one-batch one-payment architecture
  ---
  duration_ms: 6.541875
  type: 'test'
  ...
# Subtest: batch total is a server-side sum of current active business-type prices
ok 357 - batch total is a server-side sum of current active business-type prices
  ---
  duration_ms: 1.65725
  type: 'test'
  ...
# Subtest: repeated checkout and expired replacement retain one underlying batch payment
ok 358 - repeated checkout and expired replacement retain one underlying batch payment
  ---
  duration_ms: 1.585584
  type: 'test'
  ...
# Subtest: paid webhook transactionally activates every batch item exactly once
ok 359 - paid webhook transactionally activates every batch item exactly once
  ---
  duration_ms: 1.108167
  type: 'test'
  ...
# Subtest: batch dates are inclusive per item and revenue is represented by one completed payment
ok 360 - batch dates are inclusive per item and revenue is represented by one completed payment
  ---
  duration_ms: 1.237625
  type: 'test'
  ...
# Subtest: batch status is read-only and returns all activated Kiosks
ok 361 - batch status is read-only and returns all activated Kiosks
  ---
  duration_ms: 1.659916
  type: 'test'
  ...
# Subtest: new batch RPCs are locked down and legacy, renewal, and admin paths remain available
ok 362 - new batch RPCs are locked down and legacy, renewal, and admin paths remain available
  ---
  duration_ms: 1.437666
  type: 'test'
  ...
# Subtest: v3 is the single explicit current service-role checkout signature
ok 363 - v3 is the single explicit current service-role checkout signature
  ---
  duration_ms: 1.913541
  type: 'test'
  ...
# Subtest: normal and promotion pricing share one authoritative transaction
ok 364 - normal and promotion pricing share one authoritative transaction
  ---
  duration_ms: 0.473166
  type: 'test'
  ...
# Subtest: API always sends the third argument and creates PayOS only after DB preparation
ok 365 - API always sends the third argument and creates PayOS only after DB preparation
  ---
  duration_ms: 0.195541
  type: 'test'
  ...
# Subtest: retry and cross-flow duplicate contracts are serialized and idempotent
ok 366 - retry and cross-flow duplicate contracts are serialized and idempotent
  ---
  duration_ms: 0.552667
  type: 'test'
  ...
# Subtest: Admin external completion records real external payment and finalizes exactly once
ok 367 - Admin external completion records real external payment and finalizes exactly once
  ---
  duration_ms: 0.341584
  type: 'test'
  ...
# Subtest: Admin cancellation preserves history and refuses paid or active records
ok 368 - Admin cancellation preserves history and refuses paid or active records
  ---
  duration_ms: 1.547916
  type: 'test'
  ...
# Subtest: Admin UI exposes request-centric filters, payment states and safe dialogs
ok 369 - Admin UI exposes request-centric filters, payment states and safe dialogs
  ---
  duration_ms: 0.258959
  type: 'test'
  ...
# Subtest: reports and notifications keep all four pending concepts separate
ok 370 - reports and notifications keep all four pending concepts separate
  ---
  duration_ms: 0.171708
  type: 'test'
  ...
# Subtest: promotion UI and signed webhook remain connected without weakening idempotency
ok 371 - promotion UI and signed webhook remain connected without weakening idempotency
  ---
  duration_ms: 0.30325
  type: 'test'
  ...
# Subtest: security-definer functions use empty search path and narrow execute grants
ok 372 - security-definer functions use empty search path and narrow execute grants
  ---
  duration_ms: 0.503375
  type: 'test'
  ...
# Subtest: production hotfix leaves exactly one public payment-preparation signature
ok 373 - production hotfix leaves exactly one public payment-preparation signature
  ---
  duration_ms: 0.652125
  type: 'test'
  ...
# Subtest: normal checkout uses v3 with explicit null promotion and remains server-authoritative
ok 374 - normal checkout uses v3 with explicit null promotion and remains server-authoritative
  ---
  duration_ms: 0.070791
  type: 'test'
  ...
# Subtest: percentage, fixed and bonus-month promotion infrastructure remains installed
ok 375 - percentage, fixed and bonus-month promotion infrastructure remains installed
  ---
  duration_ms: 0.136875
  type: 'test'
  ...
# Subtest: promotion input enters the unique v3 path before provider order creation
ok 376 - promotion input enters the unique v3 path before provider order creation
  ---
  duration_ms: 0.069292
  type: 'test'
  ...
# Subtest: duplicate and failed-attempt retries preserve one financial intent
ok 377 - duplicate and failed-attempt retries preserve one financial intent
  ---
  duration_ms: 0.075709
  type: 'test'
  ...
# Subtest: multi-Kiosk payment remains one authoritative sum
ok 378 - multi-Kiosk payment remains one authoritative sum
  ---
  duration_ms: 0.055584
  type: 'test'
  ...
# Subtest: PayOS failure diagnostics identify the recoverable stage without leaking secrets
ok 379 - PayOS failure diagnostics identify the recoverable stage without leaking secrets
  ---
  duration_ms: 0.081375
  type: 'test'
  ...
# Subtest: production schema contract does not define registration_requests.updated_at
ok 380 - production schema contract does not define registration_requests.updated_at
  ---
  duration_ms: 4.535833
  type: 'test'
  ...
# Subtest: webhook column hotfix repairs every effective registration request writer
ok 381 - webhook column hotfix repairs every effective registration request writer
  ---
  duration_ms: 3.94275
  type: 'test'
  ...
# Subtest: all historical registration_requests.updated_at writes are classified
ok 382 - all historical registration_requests.updated_at writes are classified
  ---
  duration_ms: 3.950083
  type: 'test'
  ...
# Subtest: reachable table-column references remain covered by their schema contracts
ok 383 - reachable table-column references remain covered by their schema contracts
  ---
  duration_ms: 3.636083
  type: 'test'
  ...
# Subtest: shared button SVG normalization keeps rendered icons compact and unfilled
ok 384 - shared button SVG normalization keeps rendered icons compact and unfilled
  ---
  duration_ms: 0.55125
  type: 'test'
  ...
# Subtest: Registration Requests toolbar and destructive modal actions align icon and label
ok 385 - Registration Requests toolbar and destructive modal actions align icon and label
  ---
  duration_ms: 0.3055
  type: 'test'
  ...
# Subtest: active category and business-type code contains no removed sort_order field
ok 386 - active category and business-type code contains no removed sort_order field
  ---
  duration_ms: 23.784
  type: 'test'
  ...
# Subtest: categories are ordered alphabetically by name
ok 387 - categories are ordered alphabetically by name
  ---
  duration_ms: 2.711375
  type: 'test'
  ...
# Subtest: business types are grouped by category and ordered by name within each group
ok 388 - business types are grouped by category and ordered by name within each group
  ---
  duration_ms: 8.809834
  type: 'test'
  ...
# Subtest: category and business-type mutations never send removed sort_order
ok 389 - category and business-type mutations never send removed sort_order
  ---
  duration_ms: 4.1475
  type: 'test'
  ...
# (node:28864) [MODULE_TYPELESS_PACKAGE_JSON] Warning: Module type of file:///Users/nguyenthanhhan/Documents/CODE/Die%CC%82%CC%83n%20Cha%CC%82u%20A%CC%80%20%C4%90a%CC%82y%20Ro%CC%82%CC%80i/DHL-Group-v3/src/components/RenewKioskForm.js is not specified and it doesn't parse as CommonJS.
# Reparsing as ES module because module syntax was detected. This incurs a performance overhead.
# To eliminate this warning, add "type": "module" to /Users/nguyenthanhhan/Documents/CODE/Diễn Châu À Đây Rồi/DHL-Group-v3/package.json.
# (Use `node --trace-warnings ...` to show where the warning was created)
# Subtest: active Kiosk renewal starts one day after current expiry
ok 390 - active Kiosk renewal starts one day after current expiry
  ---
  duration_ms: 1.827667
  type: 'test'
  ...
# Subtest: expired Kiosk renewal starts today
ok 391 - expired Kiosk renewal starts today
  ---
  duration_ms: 0.073375
  type: 'test'
  ...
# Subtest: public renewal blocked states use friendly Admin-support messages
ok 392 - public renewal blocked states use friendly Admin-support messages
  ---
  duration_ms: 0.127958
  type: 'test'
  ...
# Subtest: renewal end uses calendar months and inclusive end date
ok 393 - renewal end uses calendar months and inclusive end date
  ---
  duration_ms: 0.078083
  type: 'test'
  ...
# Subtest: shared VND formatter is consistent
ok 394 - shared VND formatter is consistent
  ---
  duration_ms: 11.966083
  type: 'test'
  ...
# Subtest: manual and PayOS renewal paths remain separated
ok 395 - manual and PayOS renewal paths remain separated
  ---
  duration_ms: 2.472709
  type: 'test'
  ...
# (node:28865) [MODULE_TYPELESS_PACKAGE_JSON] Warning: Module type of file:///Users/nguyenthanhhan/Documents/CODE/Die%CC%82%CC%83n%20Cha%CC%82u%20A%CC%80%20%C4%90a%CC%82y%20Ro%CC%82%CC%80i/DHL-Group-v3/src/components/RenewKioskForm.js is not specified and it doesn't parse as CommonJS.
# Reparsing as ES module because module syntax was detected. This incurs a performance overhead.
# To eliminate this warning, add "type": "module" to /Users/nguyenthanhhan/Documents/CODE/Diễn Châu À Đây Rồi/DHL-Group-v3/package.json.
# (Use `node --trace-warnings ...` to show where the warning was created)
# Subtest: active, expiring, and expires-today renewals start without a gap or overlap
ok 396 - active, expiring, and expires-today renewals start without a gap or overlap
  ---
  duration_ms: 2.511542
  type: 'test'
  ...
# Subtest: expired yesterday and long-expired renewals restart on confirmation date
ok 397 - expired yesterday and long-expired renewals restart on confirmation date
  ---
  duration_ms: 0.169375
  type: 'test'
  ...
# Subtest: calendar-month periods cover three months, month ends, and year boundaries
ok 398 - calendar-month periods cover three months, month ends, and year boundaries
  ---
  duration_ms: 0.220833
  type: 'test'
  ...
# Subtest: forward migration preserves kiosk start_date in manual, PayOS, and trigger paths
ok 399 - forward migration preserves kiosk start_date in manual, PayOS, and trigger paths
  ---
  duration_ms: 6.774416
  type: 'test'
  ...
# Subtest: manual and PayOS finalizers use the same authoritative inclusive period rule
ok 400 - manual and PayOS finalizers use the same authoritative inclusive period rule
  ---
  duration_ms: 1.301291
  type: 'test'
  ...
# Subtest: PayOS webhook idempotency remains owned by the existing webhook implementation
ok 401 - PayOS webhook idempotency remains owned by the existing webhook implementation
  ---
  duration_ms: 1.330709
  type: 'test'
  ...
# (node:28866) [MODULE_TYPELESS_PACKAGE_JSON] Warning: Module type of file:///Users/nguyenthanhhan/Documents/CODE/Die%CC%82%CC%83n%20Cha%CC%82u%20A%CC%80%20%C4%90a%CC%82y%20Ro%CC%82%CC%80i/DHL-Group-v3/src/pages/ReportsPage.js is not specified and it doesn't parse as CommonJS.
# Reparsing as ES module because module syntax was detected. This incurs a performance overhead.
# To eliminate this warning, add "type": "module" to /Users/nguyenthanhhan/Documents/CODE/Diễn Châu À Đây Rồi/DHL-Group-v3/package.json.
# (Use `node --trace-warnings ...` to show where the warning was created)
# Subtest: Reports renders three primary filters and nine advanced filters without losing fields
ok 402 - Reports renders three primary filters and nine advanced filters without losing fields
  ---
  duration_ms: 51.152625
  type: 'test'
  ...
# Subtest: existing filter state, refresh, export, and tab behavior remain bound
ok 403 - existing filter state, refresh, export, and tab behavior remain bound
  ---
  duration_ms: 0.723834
  type: 'test'
  ...
# Subtest: advanced filters auto-open from existing frontend state only
ok 404 - advanced filters auto-open from existing frontend state only
  ---
  duration_ms: 0.187417
  type: 'test'
  ...
# Subtest: all report tabs and full-filter CSV export remain present
ok 405 - all report tabs and full-filter CSV export remain present
  ---
  duration_ms: 0.48825
  type: 'test'
  ...
# Subtest: Reports filters use responsive non-overflowing grids and compact controls
ok 406 - Reports filters use responsive non-overflowing grids and compact controls
  ---
  duration_ms: 2.07775
  type: 'test'
  ...
# (node:28867) [MODULE_TYPELESS_PACKAGE_JSON] Warning: Module type of file:///Users/nguyenthanhhan/Documents/CODE/Die%CC%82%CC%83n%20Cha%CC%82u%20A%CC%80%20%C4%90a%CC%82y%20Ro%CC%82%CC%80i/DHL-Group-v3/src/layouts/AppLayout.js is not specified and it doesn't parse as CommonJS.
# Reparsing as ES module because module syntax was detected. This incurs a performance overhead.
# To eliminate this warning, add "type": "module" to /Users/nguyenthanhhan/Documents/CODE/Diễn Châu À Đây Rồi/DHL-Group-v3/package.json.
# (Use `node --trace-warnings ...` to show where the warning was created)
# Subtest: sidebar and shared header logo use root-relative light and dark assets
ok 407 - sidebar and shared header logo use root-relative light and dark assets
  ---
  duration_ms: 0.680917
  type: 'test'
  ...
# Subtest: public, sidebar and mobile header logos have separate responsive sizing without distortion
ok 408 - public, sidebar and mobile header logos have separate responsive sizing without distortion
  ---
  duration_ms: 6.385
  type: 'test'
  ...
# Subtest: stylesheet cache key changes with the corrected logo layout
ok 409 - stylesheet cache key changes with the corrected logo layout
  ---
  duration_ms: 0.620166
  type: 'test'
  ...
# Subtest: theme switching updates mounted logos immediately without re-render or reload
ok 410 - theme switching updates mounted logos immediately without re-render or reload
  ---
  duration_ms: 0.295292
  type: 'test'
  ...
# Subtest: active source contains no deleted or route-relative sidebar logo reference
ok 411 - active source contains no deleted or route-relative sidebar logo reference
  ---
  duration_ms: 2.632708
  type: 'test'
  ...
# Subtest: Dashboard remains standalone and management sections are always visible
ok 412 - Dashboard remains standalone and management sections are always visible
  ---
  duration_ms: 1.188208
  type: 'test'
  ...
# (node:28868) [MODULE_TYPELESS_PACKAGE_JSON] Warning: Module type of file:///Users/nguyenthanhhan/Documents/CODE/Die%CC%82%CC%83n%20Cha%CC%82u%20A%CC%80%20%C4%90a%CC%82y%20Ro%CC%82%CC%80i/DHL-Group-v3/src/constants/navigation.js is not specified and it doesn't parse as CommonJS.
# Reparsing as ES module because module syntax was detected. This incurs a performance overhead.
# To eliminate this warning, add "type": "module" to /Users/nguyenthanhhan/Documents/CODE/Diễn Châu À Đây Rồi/DHL-Group-v3/package.json.
# (Use `node --trace-warnings ...` to show where the warning was created)
# Subtest: TTC keeps its operational items while unified users moves to system settings
ok 413 - TTC keeps its operational items while unified users moves to system settings
  ---
  duration_ms: 15.260625
  type: 'test'
  ...
# Subtest: sidebar sections need no expand state while current route stays active
ok 414 - sidebar sections need no expand state while current route stays active
  ---
  duration_ms: 0.153416
  type: 'test'
  ...
# Subtest: sidebar uses the valid brand asset and compact accessible presentation
ok 415 - sidebar uses the valid brand asset and compact accessible presentation
  ---
  duration_ms: 0.415083
  type: 'test'
  ...
# Subtest: sidebar uses the unified direct-permission resolution
ok 416 - sidebar uses the unified direct-permission resolution
  ---
  duration_ms: 0.117292
  type: 'test'
  ...
# Subtest: every pg_catalog symbol in active migrations is explicitly classified
ok 417 - every pg_catalog symbol in active migrations is explicitly classified
  ---
  duration_ms: 76.59825
  type: 'test'
  ...
# Subtest: final hotfix recreates every active batch function and removes all invalid special forms
ok 418 - final hotfix recreates every active batch function and removes all invalid special forms
  ---
  duration_ms: 1.008125
  type: 'test'
  ...
# Subtest: the pre-PayOS and webhook dependency functions contain no invalid qualification
ok 419 - the pre-PayOS and webhook dependency functions contain no invalid qualification
  ---
  duration_ms: 2.83025
  type: 'test'
  ...
# (node:28870) [MODULE_TYPELESS_PACKAGE_JSON] Warning: Module type of file:///Users/nguyenthanhhan/Documents/CODE/Die%CC%82%CC%83n%20Cha%CC%82u%20A%CC%80%20%C4%90a%CC%82y%20Ro%CC%82%CC%80i/DHL-Group-v3/src/components/CompactAction.js is not specified and it doesn't parse as CommonJS.
# Reparsing as ES module because module syntax was detected. This incurs a performance overhead.
# To eliminate this warning, add "type": "module" to /Users/nguyenthanhhan/Documents/CODE/Diễn Châu À Đây Rồi/DHL-Group-v3/package.json.
# (Use `node --trace-warnings ...` to show where the warning was created)
# Subtest: required Kiosk states use distinct semantic badge treatments
ok 420 - required Kiosk states use distinct semantic badge treatments
  ---
  duration_ms: 0.482875
  type: 'test'
  ...
# Subtest: compact actions include SVG icons and semantic action tones
ok 421 - compact actions include SVG icons and semantic action tones
  ---
  duration_ms: 0.250583
  type: 'test'
  ...
# Subtest: shared CSS gives badges tint, border and compact actions a bounded size
ok 422 - shared CSS gives badges tint, border and compact actions a bounded size
  ---
  duration_ms: 4.994042
  type: 'test'
  ...
# Subtest: exact Kiosk sets are identical for warning_days=5
ok 423 - exact Kiosk sets are identical for warning_days=5
  ---
  duration_ms: 3.987208
  type: 'test'
  ...
# Subtest: exact Kiosk sets are identical for warning_days=10
ok 424 - exact Kiosk sets are identical for warning_days=10
  ---
  duration_ms: 0.260667
  type: 'test'
  ...
# Subtest: exact Kiosk sets are identical for warning_days=20
ok 425 - exact Kiosk sets are identical for warning_days=20
  ---
  duration_ms: 0.224041
  type: 'test'
  ...
# Subtest: exact Kiosk sets are identical for warning_days=30
ok 426 - exact Kiosk sets are identical for warning_days=30
  ---
  duration_ms: 0.224042
  type: 'test'
  ...
# Subtest: customer status precedence is deterministic for mixed Kiosk sets
ok 427 - customer status precedence is deterministic for mixed Kiosk sets
  ---
  duration_ms: 0.272125
  type: 'test'
  ...
# Subtest: migration and services route every active status consumer through one SQL contract
ok 428 - migration and services route every active status consumer through one SQL contract
  ---
  duration_ms: 5.849458
  type: 'test'
  ...
# Subtest: authenticated status RPCs use a narrow warning-days accessor
ok 429 - authenticated status RPCs use a narrow warning-days accessor
  ---
  duration_ms: 7.999084
  type: 'test'
  ...
# Subtest: permission fix never grants authenticated access to the settings table
ok 430 - permission fix never grants authenticated access to the settings table
  ---
  duration_ms: 1.690917
  type: 'test'
  ...
# Subtest: warning-days fallback and status contracts remain unchanged
ok 431 - warning-days fallback and status contracts remain unchanged
  ---
  duration_ms: 1.496917
  type: 'test'
  ...
# Subtest: existing definer report and public-settings RPCs retain explicit authorization boundaries
ok 432 - existing definer report and public-settings RPCs retain explicit authorization boundaries
  ---
  duration_ms: 3.547875
  type: 'test'
  ...
# Subtest: Dashboard stays standalone and section labels keep permitted items visible
ok 433 - Dashboard stays standalone and section labels keep permitted items visible
  ---
  duration_ms: 1.364667
  type: 'test'
  ...
# Subtest: Reports overview contains exactly the six business-facing KPI cards
ok 434 - Reports overview contains exactly the six business-facing KPI cards
  ---
  duration_ms: 0.670375
  type: 'test'
  ...
# Subtest: notification popup is presentation-sorted and closes outside or with Escape without summary copy
ok 435 - notification popup is presentation-sorted and closes outside or with Escape without summary copy
  ---
  duration_ms: 0.335542
  type: 'test'
  ...
# Subtest: Promotions uses one overflow-safe accessible action menu with destructive styling
ok 436 - Promotions uses one overflow-safe accessible action menu with destructive styling
  ---
  duration_ms: 0.367
  type: 'test'
  ...
# Subtest: inactive and cancelled records cannot inherit the active presentation
ok 437 - inactive and cancelled records cannot inherit the active presentation
  ---
  duration_ms: 0.131958
  type: 'test'
  ...
# Subtest: canonical permission map contains all 26 active production permissions
ok 438 - canonical permission map contains all 26 active production permissions
  ---
  duration_ms: 1.479417
  type: 'test'
  ...
# Subtest: locked session is rejected from sensitive API using current database access state
ok 439 - locked session is rejected from sensitive API using current database access state
  ---
  duration_ms: 12.416291
  type: 'test'
  ...
# Subtest: one-permission user is denied an unrelated API permission
ok 440 - one-permission user is denied an unrelated API permission
  ---
  duration_ms: 0.37325
  type: 'test'
  ...
# Subtest: System Admin can list users without individual user_permissions rows
ok 441 - System Admin can list users without individual user_permissions rows
  ---
  duration_ms: 1.135
  type: 'test'
  ...
# Subtest: legacy GET /api/staff compatibility preserves listing contract for System Admin
ok 442 - legacy GET /api/staff compatibility preserves listing contract for System Admin
  ---
  duration_ms: 0.359917
  type: 'test'
  ...
# Subtest: legacy staff compatibility still enforces user-management permission
ok 443 - legacy staff compatibility still enforces user-management permission
  ---
  duration_ms: 0.182
  type: 'test'
  ...
# Subtest: GET user-management without the staff rewrite marker keeps the existing POST-only contract
ok 444 - GET user-management without the staff rewrite marker keeps the existing POST-only contract
  ---
  duration_ms: 0.117583
  type: 'test'
  ...
# Subtest: grant permissions performs authoritative sync and enables web access
ok 445 - grant permissions performs authoritative sync and enables web access
  ---
  duration_ms: 2.150666
  type: 'test'
  ...
# Subtest: removing all CRM permissions preserves personal web access
ok 446 - removing all CRM permissions preserves personal web access
  ---
  duration_ms: 1.168583
  type: 'test'
  ...
# Subtest: sensitive actions reject a wrong admin password before any protected write
ok 447 - sensitive actions reject a wrong admin password before any protected write
  ---
  duration_ms: 0.84575
  type: 'test'
  ...
# Subtest: profile update uses an explicit whitelist and ignores protected client fields
ok 448 - profile update uses an explicit whitelist and ignores protected client fields
  ---
  duration_ms: 0.882541
  type: 'test'
  ...
# Subtest: unknown or inactive permission is rejected before permission writes
ok 449 - unknown or inactive permission is rejected before permission writes
  ---
  duration_ms: 0.240834
  type: 'test'
  ...
# Subtest: lock and unlock synchronize Auth ban and database web access without granting permissions
ok 450 - lock and unlock synchronize Auth ban and database web access without granting permissions
  ---
  duration_ms: 2.818125
  type: 'test'
  ...
# Subtest: System Admin target cannot be permission-modified or locked
ok 451 - System Admin target cannot be permission-modified or locked
  ---
  duration_ms: 0.326125
  type: 'test'
  ...
# Subtest: wallet adjustment reuses ledger RPC and preserves idempotency key
ok 452 - wallet adjustment reuses ledger RPC and preserves idempotency key
  ---
  duration_ms: 0.263292
  type: 'test'
  ...
# Subtest: password reset response and audit never contain plaintext passwords
ok 453 - password reset response and audit never contain plaintext passwords
  ---
  duration_ms: 0.2955
  type: 'test'
  ...
# Subtest: new authorization path has no legacy Reviewer checks or frontend service-role access
ok 454 - new authorization path has no legacy Reviewer checks or frontend service-role access
  ---
  duration_ms: 1.067667
  type: 'test'
  ...
# Subtest: user list keeps the requested compact columns and one Manage action
ok 455 - user list keeps the requested compact columns and one Manage action
  ---
  duration_ms: 1.056958
  type: 'test'
  ...
# Subtest: Manage button opens User Detail and all five tabs remain wired
ok 456 - Manage button opens User Detail and all five tabs remain wired
  ---
  duration_ms: 0.546167
  type: 'test'
  ...
# Subtest: permission groups cover the unchanged canonical catalog with Vietnamese labels only
ok 457 - permission groups cover the unchanged canonical catalog with Vietnamese labels only
  ---
  duration_ms: 0.763583
  type: 'test'
  ...
# Subtest: saving permissions opens a confirmation dialog and reuses the existing backend flow
ok 458 - saving permissions opens a confirmation dialog and reuses the existing backend flow
  ---
  duration_ms: 0.272042
  type: 'test'
  ...
# Subtest: table keeps user data bindings and web access uses explicit business copy
ok 459 - table keeps user data bindings and web access uses explicit business copy
  ---
  duration_ms: 0.186584
  type: 'test'
  ...
# Subtest: modal, permission cards and sticky actions are compact and responsive
ok 460 - modal, permission cards and sticky actions are compact and responsive
  ---
  duration_ms: 1.405417
  type: 'test'
  ...
# Subtest: Vercel Hobby deployment has at most 12 physical function entrypoints
ok 461 - Vercel Hobby deployment has at most 12 physical function entrypoints
  ---
  duration_ms: 1.848166
  type: 'test'
  ...
# Subtest: legacy /api/staff is rewritten to the user-management compatibility branch
ok 462 - legacy /api/staff is rewritten to the user-management compatibility branch
  ---
  duration_ms: 1.06825
  type: 'test'
  ...
# Subtest: allows Facebook verify bypass on Vercel preview but never production
ok 463 - allows Facebook verify bypass on Vercel preview but never production
  ---
  duration_ms: 4.373042
  type: 'test'
  ...
1..463
# tests 491
# suites 9
# pass 491
# fail 0
# cancelled 0
# skipped 0
# todo 0
# duration_ms 2959.143166
